"id","confidence","support","class_suppport","var_length","levels_length","var_nbr_scaled","levels_nbr_scaled","cond","Ypred","var_used"
1,0.853858784893268,0.179752066115702,0.190015600624025,2,2,0.4,0.125,"X[,1] %in% c('(124,142]') & X[,3] %in% c('(103,148]')","'n'","V1,V3"
2,0.998331943286072,0.353896103896104,0.374102964118565,2,5,0.4,0.3125,"X[,2] %in% c('(-Inf,160]','(199,229]','(241, Inf]') & X[,3] %in% c('(-Inf,66.5]','(66.5,103]')","'n'","V2,V3"
3,1,0.0785123966942149,0.0829953198127925,3,6,0.6,0.375,"X[,1] %in% c('(-Inf,99.2]','(99.2,124]','(142, Inf]') & X[,2] %in% c('(-Inf,160]','(241, Inf]') & X[,3] %in% c('(103,148]')","'n'","V1,V2,V3"
4,0.9921875,0.0755608028335301,0.0798751950078003,4,8,0.8,0.5,"X[,1] %in% c('(124,142]') & X[,2] %in% c('(-Inf,160]','(229,241]','(241, Inf]') & X[,3] %in% c('(103,148]') & X[,4] %in% c('(-Inf,130]','(130,342]','(587, Inf]')","'n'","V1,V2,V3,V4"
5,0.991341991341991,0.0681818181818182,0.0720748829953198,4,11,0.8,0.6875,"X[,1] %in% c('(-Inf,99.2]','(99.2,124]','(142, Inf]') & X[,2] %in% c('(-Inf,160]','(229,241]','(241, Inf]') & X[,3] %in% c('(103,148]') & X[,5] %in% c('(-Inf,11.1]','(11.1,21.1]','(32.6,39]','(39, Inf]')","'n'","V1,V2,V3,V5"
6,0.995249406175772,0.124262101534829,0.131357254290172,4,13,0.8,0.8125,"X[,2] %in% c('(-Inf,160]','(160,199]','(199,229]','(241, Inf]') & X[,3] %in% c('(-Inf,66.5]','(66.5,103]','(148, Inf]') & X[,4] %in% c('(-Inf,130]','(130,342]','(587, Inf]') & X[,5] %in% c('(21.1,32.6]','(32.6,39]','(39, Inf]')","'n'","V2,V3,V4,V5"
7,1,0.0510625737898465,0.053978159126365,5,11,1,0.6875,"X[,1] %in% c('(-Inf,99.2]','(99.2,124]','(142, Inf]') & X[,2] %in% c('(-Inf,160]','(229,241]','(241, Inf]') & X[,3] %in% c('(103,148]') & X[,4] %in% c('(-Inf,130]','(130,342]','(587, Inf]') & X[,5] %in% c('(21.1,32.6]')","'n'","V1,V2,V3,V4,V5"
8,1,0.071133412042503,0.075195007800312,5,13,1,0.8125,"X[,1] %in% c('(-Inf,99.2]','(124,142]','(142, Inf]') & X[,2] %in% c('(199,229]','(229,241]') & X[,3] %in% c('(-Inf,66.5]','(66.5,103]','(148, Inf]') & X[,4] %in% c('(-Inf,130]','(342,587]','(587, Inf]') & X[,5] %in% c('(-Inf,11.1]','(11.1,21.1]')","'n'","V1,V2,V3,V4,V5"
9,0.980769230769231,0.168831168831169,0.178471138845554,2,3,0.4,0.1875,"X[,4] %in% c('(-Inf,130]','(587, Inf]') & X[,5] %in% c('(21.1,32.6]')","'n'","V4,V5"
10,0.991596638655462,0.105371900826446,0.111388455538222,3,10,0.6,0.625,"X[,2] %in% c('(-Inf,160]','(160,199]','(229,241]','(241, Inf]') & X[,4] %in% c('(-Inf,130]','(587, Inf]') & X[,5] %in% c('(-Inf,11.1]','(11.1,21.1]','(32.6,39]','(39, Inf]')","'n'","V2,V4,V5"
11,1,0.0593270365997639,0.0627145085803432,4,8,0.8,0.5,"X[,2] %in% c('(199,229]') & X[,3] %in% c('(66.5,103]') & X[,4] %in% c('(-Inf,130]','(587, Inf]') & X[,5] %in% c('(-Inf,11.1]','(11.1,21.1]','(32.6,39]','(39, Inf]')","'n'","V2,V3,V4,V5"
12,0.997933884297521,0.142857142857143,0.151014040561622,4,10,0.8,0.625,"X[,1] %in% c('(-Inf,99.2]','(99.2,124]','(142, Inf]') & X[,2] %in% c('(-Inf,160]','(199,229]','(241, Inf]') & X[,3] %in% c('(-Inf,66.5]','(66.5,103]','(148, Inf]') & X[,4] %in% c('(342,587]')","'n'","V1,V2,V3,V4"
13,0.988338192419825,0.101239669421488,0.107020280811232,3,7,0.6,0.4375,"X[,3] %in% c('(103,148]') & X[,4] %in% c('(-Inf,130]','(587, Inf]') & X[,5] %in% c('(-Inf,11.1]','(11.1,21.1]','(32.6,39]','(39, Inf]')","'n'","V3,V4,V5"
14,0.994845360824742,0.0572609208972845,0.0605304212168487,3,6,0.6,0.375,"X[,1] %in% c('(-Inf,99.2]','(142, Inf]') & X[,3] %in% c('(66.5,103]') & X[,4] %in% c('(-Inf,130]','(342,587]','(587, Inf]')","'n'","V1,V3,V4"
15,0.996515679442509,0.0847107438016529,0.0895475819032761,3,8,0.6,0.5,"X[,2] %in% c('(-Inf,160]','(160,199]','(241, Inf]') & X[,3] %in% c('(-Inf,66.5]','(148, Inf]') & X[,4] %in% c('(-Inf,130]','(342,587]','(587, Inf]')","'n'","V2,V3,V4"
16,0.99738219895288,0.112750885478158,0.119188767550702,3,5,0.6,0.3125,"X[,1] %in% c('(99.2,124]','(124,142]') & X[,3] %in% c('(66.5,103]') & X[,4] %in% c('(-Inf,130]','(587, Inf]')","'n'","V1,V3,V4"
17,0.997512437810945,0.118654073199528,0.125429017160686,4,7,0.8,0.4375,"X[,1] %in% c('(124,142]') & X[,2] %in% c('(-Inf,160]','(199,229]','(229,241]','(241, Inf]') & X[,3] %in% c('(66.5,103]') & X[,4] %in% c('(342,587]')","'n'","V1,V2,V3,V4"
18,1,0.0599173553719008,0.0633385335413417,3,7,0.6,0.4375,"X[,3] %in% c('(66.5,103]','(103,148]') & X[,4] %in% c('(-Inf,130]','(130,342]','(587, Inf]') & X[,5] %in% c('(32.6,39]','(39, Inf]')","'n'","V3,V4,V5"
19,1,0.105076741440378,0.111076443057722,2,4,0.4,0.25,"X[,2] %in% c('(-Inf,160]','(241, Inf]') & X[,5] %in% c('(-Inf,11.1]','(21.1,32.6]')","'n'","V2,V5"
20,0.995073891625616,0.0599173553719008,0.0633385335413417,4,6,0.8,0.375,"X[,2] %in% c('(160,199]','(199,229]') & X[,3] %in% c('(66.5,103]') & X[,4] %in% c('(-Inf,130]','(587, Inf]') & X[,5] %in% c('(21.1,32.6]')","'n'","V2,V3,V4,V5"
21,1,0.0540141676505313,0.0570982839313572,3,5,0.6,0.3125,"X[,2] %in% c('(-Inf,160]','(241, Inf]') & X[,3] %in% c('(66.5,103]','(103,148]') & X[,5] %in% c('(11.1,21.1]')","'n'","V2,V3,V5"
22,0.924107142857143,0.0661157024793388,0.0698907956318253,5,8,1,0.5,"X[,1] %in% c('(-Inf,99.2]','(124,142]','(142, Inf]') & X[,2] %in% c('(160,199]') & X[,3] %in% c('(66.5,103]') & X[,4] %in% c('(130,342]','(342,587]') & X[,5] %in% c('(11.1,21.1]')","'n'","V1,V2,V3,V4,V5"
23,0.985074626865672,0.0988783943329398,0.104524180967239,2,4,0.4,0.25,"X[,4] %in% c('(130,342]','(342,587]') & X[,5] %in% c('(32.6,39]','(39, Inf]')","'n'","V4,V5"
24,1,0.0805785123966942,0.085179407176287,2,5,0.4,0.3125,"X[,4] %in% c('(-Inf,130]','(587, Inf]') & X[,5] %in% c('(-Inf,11.1]','(32.6,39]','(39, Inf]')","'n'","V4,V5"
25,1,0.0971074380165289,0.102652106084243,3,7,0.6,0.4375,"X[,2] %in% c('(-Inf,160]','(241, Inf]') & X[,4] %in% c('(130,342]','(342,587]') & X[,5] %in% c('(-Inf,11.1]','(11.1,21.1]','(21.1,32.6]')","'n'","V2,V4,V5"
26,0.996753246753247,0.0909090909090909,0.0960998439937597,3,7,0.6,0.4375,"X[,2] %in% c('(-Inf,160]','(160,199]','(229,241]','(241, Inf]') & X[,4] %in% c('(-Inf,130]','(587, Inf]') & X[,5] %in% c('(21.1,32.6]')","'n'","V2,V4,V5"
27,0.961864406779661,0.0696576151121606,0.0736349453978159,4,7,0.8,0.4375,"X[,1] %in% c('(-Inf,99.2]','(99.2,124]','(124,142]') & X[,2] %in% c('(199,229]') & X[,4] %in% c('(-Inf,130]','(587, Inf]') & X[,5] %in% c('(21.1,32.6]')","'n'","V1,V2,V4,V5"
28,0.930555555555556,0.063754427390791,0.0673946957878315,5,11,1,0.6875,"X[,1] %in% c('(124,142]') & X[,2] %in% c('(160,199]','(199,229]','(229,241]') & X[,3] %in% c('(-Inf,66.5]','(66.5,103]','(148, Inf]') & X[,4] %in% c('(130,342]') & X[,5] %in% c('(-Inf,11.1]','(11.1,21.1]','(21.1,32.6]')","'n'","V1,V2,V3,V4,V5"
29,0.99836867862969,0.180932703659976,0.191263650546022,4,6,0.8,0.375,"X[,2] %in% c('(199,229]') & X[,3] %in% c('(66.5,103]') & X[,4] %in% c('(342,587]') & X[,5] %in% c('(-Inf,11.1]','(11.1,21.1]','(21.1,32.6]')","'n'","V2,V3,V4,V5"
30,1,0.103896103896104,0.109828393135725,3,6,0.6,0.375,"X[,2] %in% c('(-Inf,160]','(241, Inf]') & X[,3] %in% c('(103,148]') & X[,4] %in% c('(-Inf,130]','(130,342]','(587, Inf]')","'n'","V2,V3,V4"
31,1,0.177390791027155,0.187519500780031,3,9,0.6,0.5625,"X[,2] %in% c('(-Inf,160]','(199,229]','(241, Inf]') & X[,3] %in% c('(-Inf,66.5]','(66.5,103]') & X[,5] %in% c('(-Inf,11.1]','(11.1,21.1]','(32.6,39]','(39, Inf]')","'n'","V2,V3,V5"
32,0.994219653179191,0.0510625737898465,0.053978159126365,4,9,0.8,0.5625,"X[,2] %in% c('(229,241]') & X[,3] %in% c('(103,148]') & X[,4] %in% c('(-Inf,130]','(130,342]','(587, Inf]') & X[,5] %in% c('(-Inf,11.1]','(21.1,32.6]','(32.6,39]','(39, Inf]')","'n'","V2,V3,V4,V5"
33,0.995283018867924,0.0625737898465171,0.0661466458658346,4,9,0.8,0.5625,"X[,2] %in% c('(-Inf,160]','(199,229]','(241, Inf]') & X[,3] %in% c('(-Inf,66.5]','(66.5,103]') & X[,4] %in% c('(-Inf,130]','(130,342]','(587, Inf]') & X[,5] %in% c('(21.1,32.6]')","'n'","V2,V3,V4,V5"
34,0.996598639455782,0.0867768595041322,0.0917316692667707,2,6,0.4,0.375,"X[,2] %in% c('(-Inf,160]','(229,241]','(241, Inf]') & X[,5] %in% c('(-Inf,11.1]','(32.6,39]','(39, Inf]')","'n'","V2,V5"
35,0.996539792387543,0.0853010625737898,0.0901716068642746,5,12,1,0.75,"X[,1] %in% c('(99.2,124]','(124,142]') & X[,2] %in% c('(160,199]','(199,229]') & X[,3] %in% c('(-Inf,66.5]','(66.5,103]') & X[,4] %in% c('(-Inf,130]','(342,587]','(587, Inf]') & X[,5] %in% c('(-Inf,11.1]','(32.6,39]','(39, Inf]')","'n'","V1,V2,V3,V4,V5"
36,1,0.0584415584415584,0.0617784711388455,5,7,1,0.4375,"X[,1] %in% c('(99.2,124]') & X[,2] %in% c('(199,229]') & X[,3] %in% c('(-Inf,66.5]','(66.5,103]') & X[,4] %in% c('(342,587]') & X[,5] %in% c('(11.1,21.1]','(21.1,32.6]')","'n'","V1,V2,V3,V4,V5"
37,1,0.0605076741440378,0.0639625585023401,3,6,0.6,0.375,"X[,2] %in% c('(-Inf,160]','(241, Inf]') & X[,4] %in% c('(130,342]','(342,587]') & X[,5] %in% c('(11.1,21.1]','(32.6,39]')","'n'","V2,V4,V5"
38,1,0.0670011806375443,0.0708268330733229,4,6,0.8,0.375,"X[,2] %in% c('(199,229]') & X[,3] %in% c('(-Inf,66.5]','(66.5,103]') & X[,4] %in% c('(342,587]') & X[,5] %in% c('(-Inf,11.1]','(11.1,21.1]')","'n'","V2,V3,V4,V5"
39,0.902439024390244,0.0484061393152302,0.0511700468018721,5,9,1,0.5625,"X[,1] %in% c('(-Inf,99.2]','(124,142]','(142, Inf]') & X[,2] %in% c('(160,199]') & X[,3] %in% c('(-Inf,66.5]','(66.5,103]') & X[,4] %in% c('(130,342]') & X[,5] %in% c('(-Inf,11.1]','(11.1,21.1]')","'n'","V1,V2,V3,V4,V5"
40,0.991071428571429,0.0661157024793388,0.0698907956318253,3,8,0.6,0.5,"X[,2] %in% c('(-Inf,160]','(199,229]','(229,241]','(241, Inf]') & X[,3] %in% c('(103,148]') & X[,5] %in% c('(-Inf,11.1]','(32.6,39]','(39, Inf]')","'n'","V2,V3,V5"
41,0.996466431095406,0.083530106257379,0.0882995319812793,3,7,0.6,0.4375,"X[,3] %in% c('(-Inf,66.5]','(66.5,103]','(148, Inf]') & X[,4] %in% c('(-Inf,130]','(587, Inf]') & X[,5] %in% c('(21.1,32.6]','(39, Inf]')","'n'","V3,V4,V5"
42,0.983425414364641,0.0534238488783943,0.0564742589703588,4,7,0.8,0.4375,"X[,2] %in% c('(229,241]') & X[,3] %in% c('(103,148]') & X[,4] %in% c('(-Inf,130]','(130,342]','(587, Inf]') & X[,5] %in% c('(11.1,21.1]','(21.1,32.6]')","'n'","V2,V3,V4,V5"
43,1,0.147579693034238,0.15600624024961,4,10,0.8,0.625,"X[,2] %in% c('(-Inf,160]','(199,229]','(229,241]','(241, Inf]') & X[,3] %in% c('(66.5,103]') & X[,4] %in% c('(-Inf,130]','(342,587]','(587, Inf]') & X[,5] %in% c('(11.1,21.1]','(32.6,39]')","'n'","V2,V3,V4,V5"
44,1,0.122786304604486,0.129797191887675,2,4,0.4,0.25,"X[,2] %in% c('(-Inf,160]','(241, Inf]') & X[,4] %in% c('(130,342]','(342,587]')","'n'","V2,V4"
45,1,0.102125147579693,0.10795631825273,3,7,0.6,0.4375,"X[,2] %in% c('(-Inf,160]','(160,199]','(241, Inf]') & X[,3] %in% c('(66.5,103]','(103,148]') & X[,4] %in% c('(-Inf,130]','(587, Inf]')","'n'","V2,V3,V4"
46,0.994897959183674,0.115702479338843,0.122308892355694,5,9,1,0.5625,"X[,1] %in% c('(124,142]') & X[,2] %in% c('(160,199]','(199,229]','(229,241]') & X[,3] %in% c('(66.5,103]') & X[,4] %in% c('(342,587]') & X[,5] %in% c('(21.1,32.6]','(32.6,39]','(39, Inf]')","'n'","V1,V2,V3,V4,V5"
47,0.996732026143791,0.090318772136954,0.0954758190327613,5,11,1,0.6875,"X[,1] %in% c('(-Inf,99.2]','(99.2,124]','(142, Inf]') & X[,2] %in% c('(160,199]','(199,229]','(229,241]') & X[,3] %in% c('(66.5,103]') & X[,4] %in% c('(342,587]') & X[,5] %in% c('(21.1,32.6]','(32.6,39]','(39, Inf]')","'n'","V1,V2,V3,V4,V5"
48,1,0.00472255017709563,0.087431693989071,3,3,0.6,0.1875,"X[,1] %in% c('(124,142]') & X[,2] %in% c('(160,199]') & X[,3] %in% c('(103,148]')","'w'","V1,V2,V3"
49,1,0.0820543093270366,0.0867394695787831,4,12,0.8,0.75,"X[,1] %in% c('(-Inf,99.2]','(99.2,124]','(142, Inf]') & X[,2] %in% c('(-Inf,160]','(199,229]','(241, Inf]') & X[,3] %in% c('(-Inf,66.5]','(66.5,103]','(148, Inf]') & X[,4] %in% c('(-Inf,130]','(130,342]','(587, Inf]')","'n'","V1,V2,V3,V4"
50,0.983922829581994,0.0917945690672963,0.0970358814352574,4,7,0.8,0.4375,"X[,1] %in% c('(99.2,124]','(142, Inf]') & X[,3] %in% c('(103,148]') & X[,4] %in% c('(-Inf,130]','(587, Inf]') & X[,5] %in% c('(11.1,21.1]','(21.1,32.6]')","'n'","V1,V3,V4,V5"
51,1,0.106847697756789,0.112948517940718,4,6,0.8,0.375,"X[,1] %in% c('(-Inf,99.2]','(99.2,124]','(142, Inf]') & X[,2] %in% c('(199,229]') & X[,3] %in% c('(66.5,103]') & X[,4] %in% c('(342,587]')","'n'","V1,V2,V3,V4"
52,1,0.152302243211334,0.160998439937597,2,6,0.4,0.375,"X[,2] %in% c('(-Inf,160]','(241, Inf]') & X[,5] %in% c('(-Inf,11.1]','(21.1,32.6]','(32.6,39]','(39, Inf]')","'n'","V2,V5"
53,0.90234375,0.0755608028335301,0.0798751950078003,3,4,0.6,0.25,"X[,2] %in% c('(160,199]') & X[,3] %in% c('(-Inf,66.5]','(66.5,103]') & X[,4] %in% c('(130,342]')","'n'","V2,V3,V4"
54,0.987903225806452,0.0731995277449823,0.0773790951638065,5,12,1,0.75,"X[,1] %in% c('(99.2,124]','(124,142]') & X[,2] %in% c('(229,241]') & X[,3] %in% c('(66.5,103]','(103,148]') & X[,4] %in% c('(-Inf,130]','(342,587]','(587, Inf]') & X[,5] %in% c('(-Inf,11.1]','(21.1,32.6]','(32.6,39]','(39, Inf]')","'n'","V1,V2,V3,V4,V5"
55,0.994505494505495,0.0537190082644628,0.056786271450858,4,8,0.8,0.5,"X[,1] %in% c('(-Inf,99.2]','(142, Inf]') & X[,2] %in% c('(160,199]','(199,229]') & X[,3] %in% c('(66.5,103]') & X[,4] %in% c('(-Inf,130]','(342,587]','(587, Inf]')","'n'","V1,V2,V3,V4"
56,0.997183098591549,0.104781582054309,0.110764430577223,4,11,0.8,0.6875,"X[,1] %in% c('(-Inf,99.2]','(99.2,124]','(142, Inf]') & X[,2] %in% c('(-Inf,160]','(229,241]','(241, Inf]') & X[,3] %in% c('(66.5,103]','(103,148]') & X[,4] %in% c('(-Inf,130]','(130,342]','(587, Inf]')","'n'","V1,V2,V3,V4"
57,1,0.00501770956316411,0.092896174863388,4,7,0.8,0.4375,"X[,1] %in% c('(99.2,124]','(124,142]') & X[,2] %in% c('(160,199]') & X[,3] %in% c('(103,148]','(148, Inf]') & X[,5] %in% c('(11.1,21.1]','(32.6,39]')","'w'","V1,V2,V3,V5"
58,1,0.130460448642267,0.137909516380655,3,3,0.6,0.1875,"X[,1] %in% c('(99.2,124]') & X[,2] %in% c('(199,229]') & X[,3] %in% c('(66.5,103]')","'n'","V1,V2,V3"
59,0.996710526315789,0.179456906729634,0.189703588143526,3,3,0.6,0.1875,"X[,1] %in% c('(124,142]') & X[,2] %in% c('(199,229]') & X[,3] %in% c('(66.5,103]')","'n'","V1,V2,V3"
60,0.994594594594595,0.0546044864226682,0.0577223088923557,5,13,1,0.8125,"X[,1] %in% c('(124,142]') & X[,2] %in% c('(-Inf,160]','(229,241]','(241, Inf]') & X[,3] %in% c('(66.5,103]','(103,148]') & X[,4] %in% c('(-Inf,130]','(130,342]','(587, Inf]') & X[,5] %in% c('(-Inf,11.1]','(21.1,32.6]','(32.6,39]','(39, Inf]')","'n'","V1,V2,V3,V4,V5"
61,1,0.0634592680047226,0.0670826833073323,5,14,1,0.875,"X[,1] %in% c('(-Inf,99.2]','(99.2,124]','(142, Inf]') & X[,2] %in% c('(-Inf,160]','(160,199]','(229,241]','(241, Inf]') & X[,3] %in% c('(103,148]') & X[,4] %in% c('(-Inf,130]','(587, Inf]') & X[,5] %in% c('(-Inf,11.1]','(21.1,32.6]','(32.6,39]','(39, Inf]')","'n'","V1,V2,V3,V4,V5"
62,0.995475113122172,0.0652302243211334,0.0689547581903276,4,10,0.8,0.625,"X[,2] %in% c('(-Inf,160]','(160,199]','(199,229]','(241, Inf]') & X[,3] %in% c('(-Inf,66.5]','(66.5,103]','(148, Inf]') & X[,4] %in% c('(-Inf,130]','(587, Inf]') & X[,5] %in% c('(21.1,32.6]')","'n'","V2,V3,V4,V5"
63,0.992941176470588,0.125442739079103,0.132605304212168,5,13,1,0.8125,"X[,1] %in% c('(-Inf,99.2]','(124,142]','(142, Inf]') & X[,2] %in% c('(-Inf,160]','(160,199]','(199,229]','(241, Inf]') & X[,3] %in% c('(-Inf,66.5]','(66.5,103]','(148, Inf]') & X[,4] %in% c('(130,342]','(342,587]') & X[,5] %in% c('(21.1,32.6]')","'n'","V1,V2,V3,V4,V5"
64,1,0.0492916174734357,0.0521060842433697,5,10,1,0.625,"X[,1] %in% c('(99.2,124]') & X[,2] %in% c('(-Inf,160]','(199,229]','(241, Inf]') & X[,3] %in% c('(-Inf,66.5]','(66.5,103]','(148, Inf]') & X[,4] %in% c('(130,342]','(342,587]') & X[,5] %in% c('(21.1,32.6]')","'n'","V1,V2,V3,V4,V5"
65,0.985365853658537,0.0605076741440378,0.0639625585023401,3,7,0.6,0.4375,"X[,2] %in% c('(-Inf,160]','(160,199]','(229,241]','(241, Inf]') & X[,4] %in% c('(-Inf,130]','(587, Inf]') & X[,5] %in% c('(11.1,21.1]')","'n'","V2,V4,V5"
66,0.997826086956522,0.135773317591499,0.143525741029641,3,10,0.6,0.625,"X[,2] %in% c('(-Inf,160]','(160,199]','(229,241]','(241, Inf]') & X[,4] %in% c('(-Inf,130]','(587, Inf]') & X[,5] %in% c('(-Inf,11.1]','(21.1,32.6]','(32.6,39]','(39, Inf]')","'n'","V2,V4,V5"
67,1,0.0510625737898465,0.053978159126365,4,7,0.8,0.4375,"X[,2] %in% c('(199,229]') & X[,3] %in% c('(66.5,103]') & X[,4] %in% c('(130,342]','(342,587]') & X[,5] %in% c('(-Inf,11.1]','(32.6,39]','(39, Inf]')","'n'","V2,V3,V4,V5"
68,0.994974874371859,0.0587367178276269,0.0620904836193448,5,12,1,0.75,"X[,1] %in% c('(-Inf,99.2]','(99.2,124]','(142, Inf]') & X[,2] %in% c('(-Inf,160]','(160,199]','(199,229]','(241, Inf]') & X[,3] %in% c('(-Inf,66.5]','(66.5,103]','(148, Inf]') & X[,4] %in% c('(342,587]') & X[,5] %in% c('(11.1,21.1]')","'n'","V1,V2,V3,V4,V5"
69,0.992094861660079,0.0746753246753247,0.0789391575663026,2,5,0.4,0.3125,"X[,1] %in% c('(-Inf,99.2]','(142, Inf]') & X[,3] %in% c('(-Inf,66.5]','(66.5,103]','(148, Inf]')","'n'","V1,V3"
70,0.883040935672515,0.0504722550177096,0.0533541341653666,4,5,0.8,0.3125,"X[,1] %in% c('(99.2,124]','(124,142]') & X[,3] %in% c('(66.5,103]') & X[,4] %in% c('(130,342]') & X[,5] %in% c('(11.1,21.1]')","'n'","V1,V3,V4,V5"
71,0.997679814385151,0.254427390791027,0.268954758190328,5,13,1,0.8125,"X[,1] %in% c('(99.2,124]','(124,142]') & X[,2] %in% c('(-Inf,160]','(199,229]','(241, Inf]') & X[,3] %in% c('(66.5,103]') & X[,4] %in% c('(-Inf,130]','(342,587]','(587, Inf]') & X[,5] %in% c('(-Inf,11.1]','(11.1,21.1]','(21.1,32.6]','(39, Inf]')","'n'","V1,V2,V3,V4,V5"
72,0.998687664041995,0.224911452184179,0.237753510140406,3,9,0.6,0.5625,"X[,1] %in% c('(-Inf,99.2]','(99.2,124]','(142, Inf]') & X[,2] %in% c('(-Inf,160]','(199,229]','(241, Inf]') & X[,3] %in% c('(-Inf,66.5]','(66.5,103]','(148, Inf]')","'n'","V1,V2,V3"
73,0.99390243902439,0.0484061393152302,0.0511700468018721,3,6,0.6,0.375,"X[,1] %in% c('(124,142]') & X[,2] %in% c('(-Inf,160]','(241, Inf]') & X[,3] %in% c('(-Inf,66.5]','(66.5,103]','(148, Inf]')","'n'","V1,V2,V3"
74,0.99390243902439,0.0484061393152302,0.0511700468018721,4,6,0.8,0.375,"X[,1] %in% c('(124,142]') & X[,2] %in% c('(-Inf,160]','(229,241]','(241, Inf]') & X[,3] %in% c('(103,148]') & X[,5] %in% c('(21.1,32.6]')","'n'","V1,V2,V3,V5"
75,0.909698996655518,0.0882526564344746,0.0932917316692668,3,4,0.6,0.25,"X[,1] %in% c('(99.2,124]','(142, Inf]') & X[,3] %in% c('(103,148]') & X[,5] %in% c('(21.1,32.6]')","'n'","V1,V3,V5"
76,1,0.00413223140495868,0.0765027322404372,4,4,0.8,0.25,"X[,1] %in% c('(124,142]') & X[,2] %in% c('(160,199]') & X[,3] %in% c('(103,148]') & X[,5] %in% c('(11.1,21.1]')","'w'","V1,V2,V3,V5"
77,1,0.0746753246753247,0.0789391575663026,3,5,0.6,0.3125,"X[,2] %in% c('(-Inf,160]','(241, Inf]') & X[,4] %in% c('(342,587]') & X[,5] %in% c('(11.1,21.1]','(21.1,32.6]')","'n'","V2,V4,V5"
78,0.98,0.0590318772136954,0.062402496099844,4,7,0.8,0.4375,"X[,1] %in% c('(-Inf,99.2]','(99.2,124]','(142, Inf]') & X[,3] %in% c('(103,148]') & X[,4] %in% c('(-Inf,130]','(587, Inf]') & X[,5] %in% c('(21.1,32.6]')","'n'","V1,V3,V4,V5"
79,1,0.0870720188902007,0.0920436817472699,5,13,1,0.8125,"X[,1] %in% c('(124,142]') & X[,2] %in% c('(-Inf,160]','(199,229]','(241, Inf]') & X[,3] %in% c('(-Inf,66.5]','(66.5,103]','(148, Inf]') & X[,4] %in% c('(130,342]','(342,587]') & X[,5] %in% c('(-Inf,11.1]','(11.1,21.1]','(32.6,39]','(39, Inf]')","'n'","V1,V2,V3,V4,V5"
80,1,0.0652302243211334,0.0689547581903276,3,7,0.6,0.4375,"X[,1] %in% c('(-Inf,99.2]','(99.2,124]') & X[,3] %in% c('(-Inf,66.5]','(66.5,103]','(148, Inf]') & X[,4] %in% c('(-Inf,130]','(587, Inf]')","'n'","V1,V3,V4"
81,1,0.0487012987012987,0.0514820592823713,3,7,0.6,0.4375,"X[,1] %in% c('(124,142]','(142, Inf]') & X[,4] %in% c('(-Inf,130]','(587, Inf]') & X[,5] %in% c('(-Inf,11.1]','(32.6,39]','(39, Inf]')","'n'","V1,V4,V5"
82,1,0.0475206611570248,0.0502340093603744,4,8,0.8,0.5,"X[,1] %in% c('(-Inf,99.2]','(99.2,124]') & X[,2] %in% c('(-Inf,160]','(160,199]','(241, Inf]') & X[,3] %in% c('(103,148]') & X[,4] %in% c('(-Inf,130]','(587, Inf]')","'n'","V1,V2,V3,V4"
83,1,0.129574970484061,0.136973478939158,5,14,1,0.875,"X[,1] %in% c('(99.2,124]','(124,142]','(142, Inf]') & X[,2] %in% c('(-Inf,160]','(199,229]','(241, Inf]') & X[,3] %in% c('(-Inf,66.5]','(66.5,103]','(148, Inf]') & X[,4] %in% c('(130,342]','(342,587]') & X[,5] %in% c('(-Inf,11.1]','(11.1,21.1]','(39, Inf]')","'n'","V1,V2,V3,V4,V5"
84,0.994505494505495,0.0537190082644628,0.056786271450858,5,9,1,0.5625,"X[,1] %in% c('(99.2,124]') & X[,2] %in% c('(199,229]') & X[,3] %in% c('(-Inf,66.5]','(66.5,103]','(148, Inf]') & X[,4] %in% c('(130,342]','(342,587]') & X[,5] %in% c('(21.1,32.6]','(32.6,39]')","'n'","V1,V2,V3,V4,V5"
85,0.996153846153846,0.076741440377804,0.0811232449297972,4,9,0.8,0.5625,"X[,1] %in% c('(124,142]') & X[,2] %in% c('(-Inf,160]','(229,241]','(241, Inf]') & X[,3] %in% c('(103,148]') & X[,5] %in% c('(-Inf,11.1]','(21.1,32.6]','(32.6,39]','(39, Inf]')","'n'","V1,V2,V3,V5"
86,0.809248554913295,0.0510625737898465,0.053978159126365,3,3,0.6,0.1875,"X[,1] %in% c('(99.2,124]') & X[,3] %in% c('(103,148]') & X[,4] %in% c('(342,587]')","'n'","V1,V3,V4"
87,0.994285714285714,0.0516528925619835,0.0546021840873635,4,9,0.8,0.5625,"X[,2] %in% c('(-Inf,160]','(160,199]','(241, Inf]') & X[,3] %in% c('(148, Inf]') & X[,4] %in% c('(-Inf,130]','(342,587]','(587, Inf]') & X[,5] %in% c('(11.1,21.1]','(21.1,32.6]')","'n'","V2,V3,V4,V5"
88,1,0.141676505312869,0.149765990639626,5,14,1,0.875,"X[,1] %in% c('(-Inf,99.2]','(99.2,124]','(142, Inf]') & X[,2] %in% c('(-Inf,160]','(199,229]','(229,241]','(241, Inf]') & X[,3] %in% c('(-Inf,66.5]','(66.5,103]') & X[,4] %in% c('(-Inf,130]','(342,587]','(587, Inf]') & X[,5] %in% c('(11.1,21.1]','(21.1,32.6]')","'n'","V1,V2,V3,V4,V5"
89,1,0.0478158205430933,0.0505460218408736,2,5,0.4,0.3125,"X[,1] %in% c('(-Inf,99.2]','(142, Inf]') & X[,2] %in% c('(-Inf,160]','(229,241]','(241, Inf]')","'n'","V1,V2"
90,0.997506234413965,0.118358913813459,0.125117004680187,4,11,0.8,0.6875,"X[,1] %in% c('(99.2,124]','(124,142]') & X[,2] %in% c('(-Inf,160]','(229,241]','(241, Inf]') & X[,4] %in% c('(-Inf,130]','(587, Inf]') & X[,5] %in% c('(-Inf,11.1]','(21.1,32.6]','(32.6,39]','(39, Inf]')","'n'","V1,V2,V4,V5"
91,0.994565217391304,0.0543093270365998,0.0574102964118565,4,5,0.8,0.3125,"X[,1] %in% c('(124,142]') & X[,2] %in% c('(199,229]') & X[,3] %in% c('(66.5,103]') & X[,4] %in% c('(-Inf,130]','(587, Inf]')","'n'","V1,V2,V3,V4"
92,1,0.064344746162928,0.0680187207488299,4,7,0.8,0.4375,"X[,1] %in% c('(-Inf,99.2]','(99.2,124]','(142, Inf]') & X[,2] %in% c('(199,229]') & X[,3] %in% c('(66.5,103]') & X[,4] %in% c('(-Inf,130]','(587, Inf]')","'n'","V1,V2,V3,V4"
93,1,0.0608028335301063,0.0642745709828393,3,5,0.6,0.3125,"X[,1] %in% c('(124,142]') & X[,2] %in% c('(-Inf,160]','(241, Inf]') & X[,4] %in% c('(130,342]','(342,587]')","'n'","V1,V2,V4"
94,0.998544395924309,0.202774498229044,0.214352574102964,4,6,0.8,0.375,"X[,1] %in% c('(-Inf,99.2]','(99.2,124]','(124,142]') & X[,2] %in% c('(199,229]') & X[,3] %in% c('(66.5,103]') & X[,4] %in% c('(342,587]')","'n'","V1,V2,V3,V4"
95,1,0.00413223140495868,0.0765027322404372,3,3,0.6,0.1875,"X[,2] %in% c('(160,199]') & X[,3] %in% c('(103,148]') & X[,4] %in% c('(342,587]')","'w'","V2,V3,V4"
96,0.962121212121212,0.0779220779220779,0.0823712948517941,3,4,0.6,0.25,"X[,2] %in% c('(199,229]') & X[,4] %in% c('(-Inf,130]','(587, Inf]') & X[,5] %in% c('(21.1,32.6]')","'n'","V2,V4,V5"
97,0.996774193548387,0.0914994096812279,0.0967238689547582,4,11,0.8,0.6875,"X[,1] %in% c('(-Inf,99.2]','(99.2,124]','(142, Inf]') & X[,2] %in% c('(-Inf,160]','(160,199]','(229,241]','(241, Inf]') & X[,4] %in% c('(-Inf,130]','(587, Inf]') & X[,5] %in% c('(11.1,21.1]','(21.1,32.6]')","'n'","V1,V2,V4,V5"
98,0.994318181818182,0.051948051948052,0.0549141965678627,3,8,0.6,0.5,"X[,1] %in% c('(-Inf,99.2]','(124,142]') & X[,2] %in% c('(-Inf,160]','(229,241]','(241, Inf]') & X[,5] %in% c('(-Inf,11.1]','(32.6,39]','(39, Inf]')","'n'","V1,V2,V5"
99,0.996845425867508,0.0935655253837072,0.0989079563182527,5,6,1,0.375,"X[,1] %in% c('(124,142]') & X[,2] %in% c('(199,229]') & X[,3] %in% c('(66.5,103]') & X[,4] %in% c('(342,587]') & X[,5] %in% c('(11.1,21.1]','(21.1,32.6]')","'n'","V1,V2,V3,V4,V5"
100,0.986159169550173,0.0853010625737898,0.0901716068642746,3,6,0.6,0.375,"X[,1] %in% c('(-Inf,99.2]','(99.2,124]','(142, Inf]') & X[,2] %in% c('(199,229]') & X[,4] %in% c('(-Inf,130]','(587, Inf]')","'n'","V1,V2,V4"
101,0.997361477572559,0.111865407319953,0.118252730109204,3,9,0.6,0.5625,"X[,1] %in% c('(-Inf,99.2]','(99.2,124]','(142, Inf]') & X[,2] %in% c('(-Inf,160]','(160,199]','(229,241]','(241, Inf]') & X[,4] %in% c('(-Inf,130]','(587, Inf]')","'n'","V1,V2,V4"
102,0.905579399141631,0.0687721369539551,0.0726989079563183,3,4,0.6,0.25,"X[,3] %in% c('(66.5,103]') & X[,4] %in% c('(130,342]') & X[,5] %in% c('(11.1,21.1]','(21.1,32.6]')","'n'","V3,V4,V5"
103,0.99438202247191,0.0525383707201889,0.0555382215288612,4,5,0.8,0.3125,"X[,1] %in% c('(99.2,124]') & X[,3] %in% c('(-Inf,66.5]','(66.5,103]') & X[,4] %in% c('(342,587]') & X[,5] %in% c('(21.1,32.6]')","'n'","V1,V3,V4,V5"
104,0.99609375,0.0755608028335301,0.0798751950078003,5,11,1,0.6875,"X[,1] %in% c('(-Inf,99.2]','(124,142]','(142, Inf]') & X[,2] %in% c('(-Inf,160]','(199,229]','(229,241]','(241, Inf]') & X[,3] %in% c('(-Inf,66.5]','(66.5,103]') & X[,4] %in% c('(342,587]') & X[,5] %in% c('(21.1,32.6]')","'n'","V1,V2,V3,V4,V5"
105,0.998765432098765,0.239079102715466,0.252730109204368,1,2,0.2,0.125,"X[,2] %in% c('(-Inf,160]','(241, Inf]')","'n'","V2"
106,0.900990099009901,0.0596221959858323,0.0630265210608424,4,7,0.8,0.4375,"X[,1] %in% c('(124,142]') & X[,2] %in% c('(160,199]','(199,229]') & X[,4] %in% c('(-Inf,130]','(130,342]','(587, Inf]') & X[,5] %in% c('(11.1,21.1]')","'n'","V1,V2,V4,V5"
107,0.854014598540146,0.0808736717827627,0.0854914196567863,3,4,0.6,0.25,"X[,1] %in% c('(99.2,124]','(124,142]') & X[,2] %in% c('(160,199]') & X[,5] %in% c('(11.1,21.1]')","'n'","V1,V2,V5"
108,1,0.0501770956316411,0.0530421216848674,3,9,0.6,0.5625,"X[,2] %in% c('(-Inf,160]','(229,241]','(241, Inf]') & X[,4] %in% c('(-Inf,130]','(130,342]','(587, Inf]') & X[,5] %in% c('(-Inf,11.1]','(32.6,39]','(39, Inf]')","'n'","V2,V4,V5"
109,1,0.0782172373081464,0.0826833073322933,4,5,0.8,0.3125,"X[,1] %in% c('(99.2,124]','(124,142]') & X[,2] %in% c('(199,229]') & X[,3] %in% c('(66.5,103]') & X[,5] %in% c('(11.1,21.1]')","'n'","V1,V2,V3,V5"
110,1,0.119244391971665,0.126053042121685,4,9,0.8,0.5625,"X[,1] %in% c('(-Inf,99.2]','(99.2,124]','(142, Inf]') & X[,2] %in% c('(199,229]') & X[,3] %in% c('(66.5,103]') & X[,5] %in% c('(-Inf,11.1]','(21.1,32.6]','(32.6,39]','(39, Inf]')","'n'","V1,V2,V3,V5"
111,1,0.0596221959858323,0.0630265210608424,4,10,0.8,0.625,"X[,1] %in% c('(-Inf,99.2]','(99.2,124]','(142, Inf]') & X[,2] %in% c('(-Inf,160]','(229,241]','(241, Inf]') & X[,4] %in% c('(-Inf,130]','(130,342]','(587, Inf]') & X[,5] %in% c('(21.1,32.6]')","'n'","V1,V2,V4,V5"
112,0.995652173913044,0.0678866587957497,0.0717628705148206,5,6,1,0.375,"X[,1] %in% c('(124,142]') & X[,2] %in% c('(199,229]') & X[,3] %in% c('(66.5,103]') & X[,4] %in% c('(130,342]','(342,587]') & X[,5] %in% c('(21.1,32.6]')","'n'","V1,V2,V3,V4,V5"
113,1,0.0622786304604486,0.0658346333853354,2,5,0.4,0.3125,"X[,2] %in% c('(-Inf,160]','(241, Inf]') & X[,5] %in% c('(-Inf,11.1]','(32.6,39]','(39, Inf]')","'n'","V2,V5"
114,1,0.0900236127508855,0.0951638065522621,2,3,0.4,0.1875,"X[,2] %in% c('(-Inf,160]','(241, Inf]') & X[,5] %in% c('(21.1,32.6]')","'n'","V2,V5"
115,0.875,0.00708382526564345,0.131147540983607,4,8,0.8,0.5,"X[,1] %in% c('(99.2,124]','(124,142]') & X[,2] %in% c('(160,199]') & X[,3] %in% c('(-Inf,66.5]','(103,148]','(148, Inf]') & X[,4] %in% c('(130,342]','(342,587]')","'w'","V1,V2,V3,V4"
116,0.99438202247191,0.0525383707201889,0.0555382215288612,5,8,1,0.5,"X[,1] %in% c('(99.2,124]','(124,142]') & X[,2] %in% c('(160,199]','(199,229]') & X[,3] %in% c('(66.5,103]') & X[,4] %in% c('(-Inf,130]','(587, Inf]') & X[,5] %in% c('(21.1,32.6]')","'n'","V1,V2,V3,V4,V5"
117,1,0.0832349468713105,0.08798751950078,4,5,0.8,0.3125,"X[,1] %in% c('(99.2,124]') & X[,2] %in% c('(199,229]') & X[,3] %in% c('(66.5,103]') & X[,4] %in% c('(130,342]','(342,587]')","'n'","V1,V2,V3,V4"
118,0.997641509433962,0.125147579693034,0.132293291731669,4,5,0.8,0.3125,"X[,1] %in% c('(124,142]') & X[,2] %in% c('(199,229]') & X[,3] %in% c('(66.5,103]') & X[,4] %in% c('(130,342]','(342,587]')","'n'","V1,V2,V3,V4"
119,0.981818181818182,0.0487012987012987,0.0514820592823713,5,8,1,0.5,"X[,1] %in% c('(99.2,124]','(124,142]') & X[,2] %in% c('(229,241]') & X[,3] %in% c('(103,148]') & X[,4] %in% c('(-Inf,130]','(342,587]','(587, Inf]') & X[,5] %in% c('(21.1,32.6]')","'n'","V1,V2,V3,V4,V5"
120,0.997610513739546,0.247048406139315,0.261154446177847,3,10,0.6,0.625,"X[,2] %in% c('(-Inf,160]','(199,229]','(241, Inf]') & X[,3] %in% c('(-Inf,66.5]','(66.5,103]','(148, Inf]') & X[,5] %in% c('(-Inf,11.1]','(11.1,21.1]','(32.6,39]','(39, Inf]')","'n'","V2,V3,V5"
121,1,0.0971074380165289,0.102652106084243,4,10,0.8,0.625,"X[,1] %in% c('(-Inf,99.2]','(99.2,124]','(142, Inf]') & X[,2] %in% c('(-Inf,160]','(199,229]','(241, Inf]') & X[,3] %in% c('(-Inf,66.5]','(66.5,103]','(148, Inf]') & X[,5] %in% c('(21.1,32.6]')","'n'","V1,V2,V3,V5"
122,1,0.0820543093270366,0.0867394695787831,2,3,0.4,0.1875,"X[,3] %in% c('(66.5,103]') & X[,5] %in% c('(32.6,39]','(39, Inf]')","'n'","V3,V5"
123,0.998461538461539,0.19185360094451,0.202808112324493,2,5,0.4,0.3125,"X[,2] %in% c('(-Inf,160]','(241, Inf]') & X[,5] %in% c('(-Inf,11.1]','(11.1,21.1]','(21.1,32.6]')","'n'","V2,V5"
124,0.906976744186046,0.0761511216056671,0.0804992199687987,4,6,0.8,0.375,"X[,1] %in% c('(99.2,124]','(124,142]') & X[,2] %in% c('(160,199]') & X[,3] %in% c('(-Inf,66.5]','(66.5,103]') & X[,5] %in% c('(11.1,21.1]')","'n'","V1,V2,V3,V5"
125,1,0.00472255017709563,0.087431693989071,4,6,0.8,0.375,"X[,1] %in% c('(99.2,124]','(124,142]') & X[,2] %in% c('(160,199]') & X[,3] %in% c('(103,148]','(148, Inf]') & X[,5] %in% c('(11.1,21.1]')","'w'","V1,V2,V3,V5"
126,0.981927710843373,0.0489964580873672,0.0517940717628705,4,6,0.8,0.375,"X[,1] %in% c('(99.2,124]','(124,142]') & X[,2] %in% c('(160,199]') & X[,3] %in% c('(-Inf,66.5]','(66.5,103]') & X[,5] %in% c('(21.1,32.6]')","'n'","V1,V2,V3,V5"
127,1,0.0675914994096812,0.0714508580343214,4,5,0.8,0.3125,"X[,1] %in% c('(99.2,124]') & X[,2] %in% c('(199,229]') & X[,3] %in% c('(66.5,103]') & X[,5] %in% c('(-Inf,11.1]','(21.1,32.6]')","'n'","V1,V2,V3,V5"
128,0.978723404255319,0.110979929161747,0.117316692667707,2,2,0.4,0.125,"X[,2] %in% c('(229,241]') & X[,3] %in% c('(103,148]')","'n'","V2,V3"
129,0.972972972972973,0.0873671782762692,0.0923556942277691,3,4,0.6,0.25,"X[,2] %in% c('(160,199]') & X[,3] %in% c('(-Inf,66.5]','(66.5,103]') & X[,4] %in% c('(342,587]')","'n'","V2,V3,V4"
130,0.862068965517241,0.128394332939787,0.135725429017161,3,4,0.6,0.25,"X[,1] %in% c('(124,142]') & X[,2] %in% c('(160,199]','(199,229]') & X[,5] %in% c('(11.1,21.1]')","'n'","V1,V2,V5"
131,1,0.096517119244392,0.102028081123245,5,8,1,0.5,"X[,1] %in% c('(99.2,124]') & X[,2] %in% c('(199,229]') & X[,3] %in% c('(66.5,103]') & X[,4] %in% c('(-Inf,130]','(342,587]','(587, Inf]') & X[,5] %in% c('(11.1,21.1]','(21.1,32.6]')","'n'","V1,V2,V3,V4,V5"
132,0.989473684210526,0.0560802833530106,0.0592823712948518,4,10,0.8,0.625,"X[,2] %in% c('(160,199]','(199,229]','(229,241]') & X[,3] %in% c('(66.5,103]','(103,148]') & X[,4] %in% c('(-Inf,130]','(342,587]','(587, Inf]') & X[,5] %in% c('(-Inf,11.1]','(39, Inf]')","'n'","V2,V3,V4,V5"
133,0.897435897435897,0.057556080283353,0.0608424336973479,3,4,0.6,0.25,"X[,2] %in% c('(160,199]','(229,241]') & X[,4] %in% c('(342,587]') & X[,5] %in% c('(11.1,21.1]')","'n'","V2,V4,V5"
134,0.992409867172676,0.155548996458087,0.164430577223089,5,9,1,0.5625,"X[,1] %in% c('(99.2,124]','(124,142]') & X[,2] %in% c('(160,199]','(199,229]','(229,241]') & X[,3] %in% c('(66.5,103]') & X[,4] %in% c('(130,342]','(342,587]') & X[,5] %in% c('(21.1,32.6]')","'n'","V1,V2,V3,V4,V5"
135,1,0.00649350649350649,0.120218579234973,2,2,0.4,0.125,"X[,2] %in% c('(160,199]') & X[,3] %in% c('(103,148]')","'w'","V2,V3"
136,1,0.0861865407319953,0.0911076443057722,3,7,0.6,0.4375,"X[,2] %in% c('(-Inf,160]','(241, Inf]') & X[,3] %in% c('(103,148]') & X[,5] %in% c('(-Inf,11.1]','(21.1,32.6]','(32.6,39]','(39, Inf]')","'n'","V2,V3,V5"
137,1,0.17443919716647,0.184399375975039,3,8,0.6,0.5,"X[,1] %in% c('(-Inf,99.2]','(99.2,124]','(142, Inf]') & X[,2] %in% c('(-Inf,160]','(199,229]','(241, Inf]') & X[,3] %in% c('(-Inf,66.5]','(66.5,103]')","'n'","V1,V2,V3"
138,1,0.0501770956316411,0.0530421216848674,3,6,0.6,0.375,"X[,1] %in% c('(-Inf,99.2]','(99.2,124]','(142, Inf]') & X[,2] %in% c('(-Inf,160]','(241, Inf]') & X[,3] %in% c('(148, Inf]')","'n'","V1,V2,V3"
139,0.921951219512195,0.0605076741440378,0.0639625585023401,4,6,0.8,0.375,"X[,1] %in% c('(-Inf,99.2]','(124,142]') & X[,2] %in% c('(160,199]') & X[,3] %in% c('(66.5,103]','(148, Inf]') & X[,5] %in% c('(11.1,21.1]')","'n'","V1,V2,V3,V5"
140,0.912891986062718,0.0847107438016529,0.0895475819032761,2,2,0.4,0.125,"X[,3] %in% c('(66.5,103]') & X[,4] %in% c('(130,342]')","'n'","V3,V4"
141,0.996055226824458,0.149645808736718,0.158190327613105,2,5,0.4,0.3125,"X[,3] %in% c('(-Inf,66.5]','(66.5,103]','(148, Inf]') & X[,4] %in% c('(-Inf,130]','(587, Inf]')","'n'","V3,V4"
142,1,0.0537190082644628,0.056786271450858,4,10,0.8,0.625,"X[,2] %in% c('(-Inf,160]','(160,199]','(241, Inf]') & X[,3] %in% c('(103,148]') & X[,4] %in% c('(-Inf,130]','(587, Inf]') & X[,5] %in% c('(-Inf,11.1]','(11.1,21.1]','(32.6,39]','(39, Inf]')","'n'","V2,V3,V4,V5"
143,1,0.00324675324675325,0.0601092896174864,5,6,1,0.375,"X[,1] %in% c('(124,142]') & X[,2] %in% c('(160,199]') & X[,3] %in% c('(103,148]') & X[,4] %in% c('(342,587]') & X[,5] %in% c('(11.1,21.1]','(21.1,32.6]')","'w'","V1,V2,V3,V4,V5"
144,1,0.0670011806375443,0.0708268330733229,5,10,1,0.625,"X[,1] %in% c('(99.2,124]') & X[,2] %in% c('(199,229]') & X[,3] %in% c('(-Inf,66.5]','(66.5,103]','(148, Inf]') & X[,4] %in% c('(342,587]') & X[,5] %in% c('(-Inf,11.1]','(11.1,21.1]','(21.1,32.6]','(39, Inf]')","'n'","V1,V2,V3,V4,V5"
145,1,0.0528335301062574,0.0558502340093604,5,8,1,0.5,"X[,1] %in% c('(124,142]') & X[,2] %in% c('(199,229]') & X[,3] %in% c('(66.5,103]') & X[,4] %in% c('(342,587]') & X[,5] %in% c('(-Inf,11.1]','(11.1,21.1]','(32.6,39]','(39, Inf]')","'n'","V1,V2,V3,V4,V5"
146,0.997032640949555,0.0994687131050767,0.105148205928237,3,9,0.6,0.5625,"X[,1] %in% c('(-Inf,99.2]','(99.2,124]','(142, Inf]') & X[,4] %in% c('(-Inf,130]','(587, Inf]') & X[,5] %in% c('(-Inf,11.1]','(11.1,21.1]','(32.6,39]','(39, Inf]')","'n'","V1,V4,V5"
147,0.988950276243094,0.0534238488783943,0.0564742589703588,4,9,0.8,0.5625,"X[,1] %in% c('(-Inf,99.2]','(124,142]','(142, Inf]') & X[,2] %in% c('(-Inf,160]','(229,241]','(241, Inf]') & X[,3] %in% c('(103,148]') & X[,4] %in% c('(130,342]','(342,587]')","'n'","V1,V2,V3,V4"
148,0.989528795811518,0.0563754427390791,0.059594383775351,4,9,0.8,0.5625,"X[,1] %in% c('(99.2,124]','(124,142]') & X[,2] %in% c('(-Inf,160]','(160,199]','(199,229]','(241, Inf]') & X[,3] %in% c('(-Inf,66.5]','(148, Inf]') & X[,4] %in% c('(342,587]')","'n'","V1,V2,V3,V4"
149,0.733009708737864,0.0608028335301063,0.0642745709828393,3,3,0.6,0.1875,"X[,3] %in% c('(103,148]') & X[,4] %in% c('(342,587]') & X[,5] %in% c('(11.1,21.1]')","'n'","V3,V4,V5"
150,0.75,0.063754427390791,0.0673946957878315,3,3,0.6,0.1875,"X[,3] %in% c('(103,148]') & X[,4] %in% c('(342,587]') & X[,5] %in% c('(21.1,32.6]')","'n'","V3,V4,V5"
151,0.921810699588477,0.0717237308146399,0.0758190327613105,4,7,0.8,0.4375,"X[,1] %in% c('(124,142]') & X[,2] %in% c('(160,199]') & X[,3] %in% c('(-Inf,66.5]','(66.5,103]','(148, Inf]') & X[,5] %in% c('(-Inf,11.1]','(11.1,21.1]')","'n'","V1,V2,V3,V5"
152,0.993548387096774,0.0914994096812279,0.0967238689547582,4,10,0.8,0.625,"X[,1] %in% c('(99.2,124]','(124,142]') & X[,2] %in% c('(-Inf,160]','(199,229]','(229,241]') & X[,3] %in% c('(-Inf,66.5]','(66.5,103]','(148, Inf]') & X[,5] %in% c('(-Inf,11.1]','(11.1,21.1]')","'n'","V1,V2,V3,V5"
153,0.99609375,0.0755608028335301,0.0798751950078003,4,12,0.8,0.75,"X[,1] %in% c('(-Inf,99.2]','(124,142]','(142, Inf]') & X[,2] %in% c('(-Inf,160]','(160,199]','(241, Inf]') & X[,3] %in% c('(-Inf,66.5]','(66.5,103]','(148, Inf]') & X[,5] %in% c('(21.1,32.6]','(32.6,39]','(39, Inf]')","'n'","V1,V2,V3,V5"
154,1,0.140495867768595,0.148517940717629,2,5,0.4,0.3125,"X[,2] %in% c('(-Inf,160]','(241, Inf]') & X[,3] %in% c('(-Inf,66.5]','(66.5,103]','(103,148]')","'n'","V2,V3"
155,1,0.0658205430932704,0.0695787831513261,3,7,0.6,0.4375,"X[,2] %in% c('(-Inf,160]','(241, Inf]') & X[,3] %in% c('(148, Inf]') & X[,5] %in% c('(-Inf,11.1]','(21.1,32.6]','(32.6,39]','(39, Inf]')","'n'","V2,V3,V5"
156,1,0.182703659976387,0.193135725429017,3,6,0.6,0.375,"X[,1] %in% c('(-Inf,99.2]','(99.2,124]','(142, Inf]') & X[,2] %in% c('(199,229]','(229,241]') & X[,3] %in% c('(66.5,103]')","'n'","V1,V2,V3"
157,0.905511811023622,0.11245572609209,0.118876755070203,3,4,0.6,0.25,"X[,1] %in% c('(124,142]') & X[,2] %in% c('(160,199]') & X[,4] %in% c('(130,342]','(342,587]')","'n'","V1,V2,V4"
158,0.993865030674847,0.0962219598583235,0.101716068642746,4,5,0.8,0.3125,"X[,1] %in% c('(124,142]') & X[,2] %in% c('(199,229]','(229,241]') & X[,3] %in% c('(66.5,103]') & X[,5] %in% c('(21.1,32.6]')","'n'","V1,V2,V3,V5"
159,1,0.0876623376623377,0.0926677067082683,4,8,0.8,0.5,"X[,1] %in% c('(124,142]') & X[,2] %in% c('(199,229]','(229,241]') & X[,3] %in% c('(66.5,103]') & X[,5] %in% c('(-Inf,11.1]','(11.1,21.1]','(32.6,39]','(39, Inf]')","'n'","V1,V2,V3,V5"
160,0.997474747474748,0.116883116883117,0.123556942277691,4,6,0.8,0.375,"X[,2] %in% c('(199,229]') & X[,3] %in% c('(-Inf,66.5]','(66.5,103]') & X[,4] %in% c('(130,342]','(342,587]') & X[,5] %in% c('(21.1,32.6]')","'n'","V2,V3,V4,V5"
161,1,0.116587957497048,0.123244929797192,3,8,0.6,0.5,"X[,2] %in% c('(-Inf,160]','(199,229]','(229,241]','(241, Inf]') & X[,3] %in% c('(-Inf,66.5]','(66.5,103]') & X[,5] %in% c('(-Inf,11.1]','(11.1,21.1]')","'n'","V2,V3,V5"
162,0.994550408719346,0.108323494687131,0.114508580343214,3,8,0.6,0.5,"X[,3] %in% c('(-Inf,66.5]','(66.5,103]') & X[,4] %in% c('(-Inf,130]','(130,342]','(587, Inf]') & X[,5] %in% c('(21.1,32.6]','(32.6,39]','(39, Inf]')","'n'","V3,V4,V5"
163,0.988700564971751,0.0522432113341204,0.0552262090483619,5,10,1,0.625,"X[,1] %in% c('(124,142]') & X[,2] %in% c('(-Inf,160]','(160,199]','(229,241]','(241, Inf]') & X[,3] %in% c('(103,148]') & X[,4] %in% c('(-Inf,130]','(587, Inf]') & X[,5] %in% c('(11.1,21.1]','(21.1,32.6]')","'n'","V1,V2,V3,V4,V5"
164,0.984375,0.0755608028335301,0.0798751950078003,4,6,0.8,0.375,"X[,1] %in% c('(99.2,124]') & X[,3] %in% c('(103,148]') & X[,4] %in% c('(-Inf,130]','(587, Inf]') & X[,5] %in% c('(11.1,21.1]','(21.1,32.6]')","'n'","V1,V3,V4,V5"
165,1,0.0554899645808737,0.0586583463338533,3,5,0.6,0.3125,"X[,3] %in% c('(-Inf,66.5]','(66.5,103]') & X[,4] %in% c('(342,587]') & X[,5] %in% c('(32.6,39]','(39, Inf]')","'n'","V3,V4,V5"
166,0.993150684931507,0.0861865407319953,0.0911076443057722,4,5,0.8,0.3125,"X[,1] %in% c('(124,142]') & X[,3] %in% c('(-Inf,66.5]','(66.5,103]') & X[,4] %in% c('(342,587]') & X[,5] %in% c('(21.1,32.6]')","'n'","V1,V3,V4,V5"
167,0.995433789954338,0.0646399055489965,0.0683307332293292,4,7,0.8,0.4375,"X[,1] %in% c('(-Inf,99.2]','(99.2,124]','(142, Inf]') & X[,3] %in% c('(-Inf,66.5]','(66.5,103]') & X[,4] %in% c('(342,587]') & X[,5] %in% c('(21.1,32.6]')","'n'","V1,V3,V4,V5"
168,1,0.05814639905549,0.0614664586583463,3,8,0.6,0.5,"X[,1] %in% c('(-Inf,99.2]','(142, Inf]') & X[,2] %in% c('(-Inf,160]','(199,229]','(241, Inf]') & X[,3] %in% c('(-Inf,66.5]','(66.5,103]','(148, Inf]')","'n'","V1,V2,V3"
169,1,0.15112160566706,0.159750390015601,4,10,0.8,0.625,"X[,1] %in% c('(99.2,124]','(124,142]') & X[,2] %in% c('(-Inf,160]','(199,229]','(241, Inf]') & X[,3] %in% c('(66.5,103]') & X[,5] %in% c('(-Inf,11.1]','(11.1,21.1]','(32.6,39]','(39, Inf]')","'n'","V1,V2,V3,V5"
170,1,0.0687721369539551,0.0726989079563183,4,8,0.8,0.5,"X[,1] %in% c('(99.2,124]','(124,142]') & X[,2] %in% c('(-Inf,160]','(241, Inf]') & X[,3] %in% c('(-Inf,66.5]','(148, Inf]') & X[,4] %in% c('(130,342]','(342,587]')","'n'","V1,V2,V3,V4"
171,0.99630314232902,0.159681227863046,0.168798751950078,3,9,0.6,0.5625,"X[,2] %in% c('(-Inf,160]','(199,229]','(241, Inf]') & X[,3] %in% c('(-Inf,66.5]','(66.5,103]','(148, Inf]') & X[,4] %in% c('(-Inf,130]','(130,342]','(587, Inf]')","'n'","V2,V3,V4"
172,0.993288590604027,0.131936245572609,0.139469578783151,4,9,0.8,0.5625,"X[,2] %in% c('(-Inf,160]','(160,199]','(229,241]','(241, Inf]') & X[,3] %in% c('(103,148]') & X[,4] %in% c('(-Inf,130]','(587, Inf]') & X[,5] %in% c('(11.1,21.1]','(21.1,32.6]')","'n'","V2,V3,V4,V5"
173,0.998158379373849,0.160271546635183,0.169422776911076,4,11,0.8,0.6875,"X[,2] %in% c('(-Inf,160]','(199,229]','(241, Inf]') & X[,3] %in% c('(-Inf,66.5]','(66.5,103]','(148, Inf]') & X[,4] %in% c('(342,587]') & X[,5] %in% c('(-Inf,11.1]','(11.1,21.1]','(32.6,39]','(39, Inf]')","'n'","V2,V3,V4,V5"
174,0.987654320987654,0.0478158205430933,0.0505460218408736,4,7,0.8,0.4375,"X[,2] %in% c('(160,199]','(229,241]') & X[,3] %in% c('(66.5,103]') & X[,4] %in% c('(342,587]') & X[,5] %in% c('(21.1,32.6]','(32.6,39]','(39, Inf]')","'n'","V2,V3,V4,V5"
175,1,0.0761511216056671,0.0804992199687987,4,8,0.8,0.5,"X[,1] %in% c('(99.2,124]','(124,142]','(142, Inf]') & X[,2] %in% c('(-Inf,160]','(241, Inf]') & X[,3] %in% c('(148, Inf]') & X[,4] %in% c('(130,342]','(342,587]')","'n'","V1,V2,V3,V4"
176,0.922279792746114,0.0569657615112161,0.0602184087363495,4,6,0.8,0.375,"X[,1] %in% c('(124,142]') & X[,2] %in% c('(160,199]') & X[,3] %in% c('(-Inf,66.5]','(66.5,103]','(148, Inf]') & X[,4] %in% c('(130,342]')","'n'","V1,V2,V3,V4"
177,0.976190476190476,0.0495867768595041,0.052418096723869,5,8,1,0.5,"X[,1] %in% c('(124,142]') & X[,2] %in% c('(160,199]') & X[,3] %in% c('(66.5,103]') & X[,4] %in% c('(342,587]') & X[,5] %in% c('(11.1,21.1]','(21.1,32.6]','(32.6,39]','(39, Inf]')","'n'","V1,V2,V3,V4,V5"
178,0.996296296296296,0.0796930342384888,0.0842433697347894,5,12,1,0.75,"X[,1] %in% c('(-Inf,99.2]','(99.2,124]','(142, Inf]') & X[,2] %in% c('(-Inf,160]','(160,199]','(229,241]','(241, Inf]') & X[,3] %in% c('(103,148]') & X[,4] %in% c('(-Inf,130]','(587, Inf]') & X[,5] %in% c('(11.1,21.1]','(21.1,32.6]')","'n'","V1,V2,V3,V4,V5"
179,1,0.0678866587957497,0.0717628705148206,3,6,0.6,0.375,"X[,2] %in% c('(-Inf,160]','(160,199]','(241, Inf]') & X[,3] %in% c('(-Inf,66.5]','(148, Inf]') & X[,4] %in% c('(342,587]')","'n'","V2,V3,V4"
180,1,0.0501770956316411,0.0530421216848674,4,8,0.8,0.5,"X[,1] %in% c('(-Inf,99.2]','(99.2,124]') & X[,2] %in% c('(-Inf,160]','(199,229]','(241, Inf]') & X[,3] %in% c('(66.5,103]') & X[,4] %in% c('(-Inf,130]','(587, Inf]')","'n'","V1,V2,V3,V4"
181,0.988721804511278,0.0785123966942149,0.0829953198127925,3,7,0.6,0.4375,"X[,2] %in% c('(-Inf,160]','(160,199]','(199,229]','(241, Inf]') & X[,4] %in% c('(-Inf,130]','(587, Inf]') & X[,5] %in% c('(11.1,21.1]')","'n'","V2,V4,V5"
182,1,0.0976977567886659,0.103276131045242,4,9,0.8,0.5625,"X[,2] %in% c('(-Inf,160]','(199,229]','(241, Inf]') & X[,3] %in% c('(-Inf,66.5]','(66.5,103]','(148, Inf]') & X[,4] %in% c('(130,342]','(342,587]') & X[,5] %in% c('(11.1,21.1]')","'n'","V2,V3,V4,V5"
183,0.994818652849741,0.0569657615112161,0.0602184087363495,3,8,0.6,0.5,"X[,2] %in% c('(229,241]') & X[,4] %in% c('(-Inf,130]','(130,342]','(587, Inf]') & X[,5] %in% c('(-Inf,11.1]','(21.1,32.6]','(32.6,39]','(39, Inf]')","'n'","V2,V4,V5"
184,0.994871794871795,0.057556080283353,0.0608424336973479,3,7,0.6,0.4375,"X[,1] %in% c('(-Inf,99.2]','(124,142]','(142, Inf]') & X[,2] %in% c('(199,229]') & X[,5] %in% c('(-Inf,11.1]','(32.6,39]','(39, Inf]')","'n'","V1,V2,V5"
185,1,0.00324675324675325,0.0601092896174864,4,4,0.8,0.25,"X[,2] %in% c('(160,199]') & X[,3] %in% c('(103,148]') & X[,4] %in% c('(342,587]') & X[,5] %in% c('(11.1,21.1]')","'w'","V2,V3,V4,V5"
186,0.987146529562982,0.114817001180638,0.121372854914197,3,6,0.6,0.375,"X[,1] %in% c('(-Inf,99.2]','(99.2,124]','(142, Inf]') & X[,3] %in% c('(103,148]') & X[,4] %in% c('(-Inf,130]','(587, Inf]')","'n'","V1,V3,V4"
187,0.991735537190083,0.0714285714285714,0.0755070202808112,4,8,0.8,0.5,"X[,1] %in% c('(124,142]') & X[,2] %in% c('(-Inf,160]','(160,199]','(229,241]','(241, Inf]') & X[,3] %in% c('(103,148]') & X[,4] %in% c('(-Inf,130]','(587, Inf]')","'n'","V1,V2,V3,V4"
188,1,0.0974025974025974,0.102964118564743,4,9,0.8,0.5625,"X[,2] %in% c('(-Inf,160]','(199,229]','(241, Inf]') & X[,3] %in% c('(-Inf,66.5]','(66.5,103]','(148, Inf]') & X[,4] %in% c('(342,587]') & X[,5] %in% c('(-Inf,11.1]','(11.1,21.1]')","'n'","V2,V3,V4,V5"
189,0.993055555555556,0.127508854781582,0.134789391575663,3,4,0.6,0.25,"X[,1] %in% c('(124,142]') & X[,3] %in% c('(-Inf,66.5]','(66.5,103]') & X[,5] %in% c('(21.1,32.6]')","'n'","V1,V3,V5"
190,0.996296296296296,0.0796930342384888,0.0842433697347894,4,7,0.8,0.4375,"X[,1] %in% c('(99.2,124]') & X[,3] %in% c('(-Inf,66.5]','(66.5,103]') & X[,4] %in% c('(-Inf,130]','(342,587]','(587, Inf]') & X[,5] %in% c('(21.1,32.6]')","'n'","V1,V3,V4,V5"
191,0.998230088495575,0.166765053128689,0.176287051482059,3,7,0.6,0.4375,"X[,1] %in% c('(99.2,124]') & X[,2] %in% c('(-Inf,160]','(199,229]','(241, Inf]') & X[,3] %in% c('(-Inf,66.5]','(66.5,103]','(148, Inf]')","'n'","V1,V2,V3"
192,0.997524752475248,0.119244391971665,0.126053042121685,4,11,0.8,0.6875,"X[,1] %in% c('(124,142]') & X[,2] %in% c('(-Inf,160]','(199,229]','(241, Inf]') & X[,3] %in% c('(-Inf,66.5]','(66.5,103]','(148, Inf]') & X[,5] %in% c('(-Inf,11.1]','(11.1,21.1]','(32.6,39]','(39, Inf]')","'n'","V1,V2,V3,V5"
193,1,0.103600944510035,0.109516380655226,2,3,0.4,0.1875,"X[,2] %in% c('(-Inf,160]','(241, Inf]') & X[,4] %in% c('(342,587]')","'n'","V2,V4"
194,0.973977695167286,0.158795749704841,0.16786271450858,3,5,0.6,0.3125,"X[,3] %in% c('(103,148]') & X[,4] %in% c('(-Inf,130]','(587, Inf]') & X[,5] %in% c('(11.1,21.1]','(21.1,32.6]')","'n'","V3,V4,V5"
195,1,0.0823494687131051,0.0870514820592824,3,8,0.6,0.5,"X[,1] %in% c('(-Inf,99.2]','(99.2,124]','(142, Inf]') & X[,3] %in% c('(-Inf,66.5]','(66.5,103]','(148, Inf]') & X[,4] %in% c('(-Inf,130]','(587, Inf]')","'n'","V1,V3,V4"
196,1,0.0613931523022432,0.0648985959438377,3,4,0.6,0.25,"X[,1] %in% c('(124,142]') & X[,2] %in% c('(-Inf,160]','(241, Inf]') & X[,3] %in% c('(103,148]')","'n'","V1,V2,V3"
197,0.993220338983051,0.0870720188902007,0.0920436817472699,4,11,0.8,0.6875,"X[,1] %in% c('(-Inf,99.2]','(99.2,124]','(142, Inf]') & X[,2] %in% c('(-Inf,160]','(229,241]','(241, Inf]') & X[,3] %in% c('(103,148]') & X[,5] %in% c('(-Inf,11.1]','(21.1,32.6]','(32.6,39]','(39, Inf]')","'n'","V1,V2,V3,V5"
198,0.991525423728814,0.0696576151121606,0.0736349453978159,3,8,0.6,0.5,"X[,2] %in% c('(-Inf,160]','(199,229]','(241, Inf]') & X[,3] %in% c('(148, Inf]') & X[,5] %in% c('(-Inf,11.1]','(11.1,21.1]','(32.6,39]','(39, Inf]')","'n'","V2,V3,V5"
199,1,0.0684769775678867,0.072386895475819,3,7,0.6,0.4375,"X[,3] %in% c('(66.5,103]') & X[,4] %in% c('(-Inf,130]','(587, Inf]') & X[,5] %in% c('(-Inf,11.1]','(11.1,21.1]','(32.6,39]','(39, Inf]')","'n'","V3,V4,V5"
200,0.973782771535581,0.0788075560802834,0.0833073322932917,4,6,0.8,0.375,"X[,1] %in% c('(-Inf,99.2]','(99.2,124]','(124,142]') & X[,2] %in% c('(160,199]') & X[,3] %in% c('(66.5,103]') & X[,4] %in% c('(342,587]')","'n'","V1,V2,V3,V4"
201,0.968965517241379,0.0855962219598583,0.0904836193447738,3,4,0.6,0.25,"X[,1] %in% c('(124,142]') & X[,3] %in% c('(103,148]') & X[,4] %in% c('(-Inf,130]','(587, Inf]')","'n'","V1,V3,V4"
202,0.998027613412229,0.149645808736718,0.158190327613105,3,8,0.6,0.5,"X[,2] %in% c('(-Inf,160]','(199,229]','(241, Inf]') & X[,3] %in% c('(-Inf,66.5]','(66.5,103]','(148, Inf]') & X[,5] %in% c('(-Inf,11.1]','(11.1,21.1]')","'n'","V2,V3,V5"
203,0.995876288659794,0.143152302243211,0.151326053042122,5,16,1,1,"X[,1] %in% c('(-Inf,99.2]','(99.2,124]','(142, Inf]') & X[,2] %in% c('(-Inf,160]','(199,229]','(229,241]','(241, Inf]') & X[,3] %in% c('(-Inf,66.5]','(66.5,103]','(148, Inf]') & X[,4] %in% c('(-Inf,130]','(342,587]','(587, Inf]') & X[,5] %in% c('(21.1,32.6]','(32.6,39]','(39, Inf]')","'n'","V1,V2,V3,V4,V5"
204,0.988980716253444,0.107142857142857,0.113260530421217,5,12,1,0.75,"X[,1] %in% c('(124,142]') & X[,2] %in% c('(-Inf,160]','(199,229]','(229,241]','(241, Inf]') & X[,3] %in% c('(-Inf,66.5]','(66.5,103]','(148, Inf]') & X[,4] %in% c('(342,587]') & X[,5] %in% c('(21.1,32.6]','(32.6,39]','(39, Inf]')","'n'","V1,V2,V3,V4,V5"
205,0.973333333333333,0.0885478158205431,0.093603744149766,3,4,0.6,0.25,"X[,2] %in% c('(229,241]') & X[,3] %in% c('(103,148]') & X[,5] %in% c('(11.1,21.1]','(21.1,32.6]')","'n'","V2,V3,V5"
206,1,0.0475206611570248,0.0502340093603744,3,5,0.6,0.3125,"X[,2] %in% c('(-Inf,160]','(199,229]','(241, Inf]') & X[,3] %in% c('(66.5,103]') & X[,5] %in% c('(32.6,39]')","'n'","V2,V3,V5"
207,0.996688741721854,0.0891381345926801,0.0942277691107644,3,9,0.6,0.5625,"X[,2] %in% c('(-Inf,160]','(241, Inf]') & X[,3] %in% c('(-Inf,66.5]','(66.5,103]','(148, Inf]') & X[,5] %in% c('(-Inf,11.1]','(11.1,21.1]','(21.1,32.6]','(39, Inf]')","'n'","V2,V3,V5"
208,1,0.152007083825266,0.160686427457098,4,11,0.8,0.6875,"X[,1] %in% c('(-Inf,99.2]','(99.2,124]','(142, Inf]') & X[,2] %in% c('(199,229]') & X[,3] %in% c('(-Inf,66.5]','(66.5,103]','(148, Inf]') & X[,5] %in% c('(-Inf,11.1]','(11.1,21.1]','(21.1,32.6]','(39, Inf]')","'n'","V1,V2,V3,V5"
209,0.994579945799458,0.108913813459268,0.115132605304212,5,11,1,0.6875,"X[,1] %in% c('(124,142]') & X[,2] %in% c('(199,229]') & X[,3] %in% c('(-Inf,66.5]','(66.5,103]','(148, Inf]') & X[,4] %in% c('(130,342]','(342,587]') & X[,5] %in% c('(-Inf,11.1]','(11.1,21.1]','(21.1,32.6]','(39, Inf]')","'n'","V1,V2,V3,V4,V5"
210,0.977777777777778,0.0531286894923259,0.0561622464898596,5,8,1,0.5,"X[,1] %in% c('(-Inf,99.2]','(124,142]','(142, Inf]') & X[,2] %in% c('(160,199]') & X[,3] %in% c('(66.5,103]') & X[,4] %in% c('(342,587]') & X[,5] %in% c('(11.1,21.1]','(21.1,32.6]')","'n'","V1,V2,V3,V4,V5"
211,1,0.0498819362455726,0.0527301092043682,3,5,0.6,0.3125,"X[,2] %in% c('(-Inf,160]','(241, Inf]') & X[,4] %in% c('(130,342]','(342,587]') & X[,5] %in% c('(11.1,21.1]')","'n'","V2,V4,V5"
212,1,0.083530106257379,0.0882995319812793,5,9,1,0.5625,"X[,1] %in% c('(-Inf,99.2]','(99.2,124]','(142, Inf]') & X[,2] %in% c('(199,229]') & X[,3] %in% c('(66.5,103]') & X[,4] %in% c('(130,342]','(342,587]') & X[,5] %in% c('(11.1,21.1]','(21.1,32.6]')","'n'","V1,V2,V3,V4,V5"
213,0.96309963099631,0.0799881936245573,0.0845553822152886,4,7,0.8,0.4375,"X[,1] %in% c('(124,142]','(142, Inf]') & X[,3] %in% c('(103,148]') & X[,4] %in% c('(-Inf,130]','(587, Inf]') & X[,5] %in% c('(11.1,21.1]','(21.1,32.6]')","'n'","V1,V3,V4,V5"
214,0.981481481481482,0.0478158205430933,0.0505460218408736,4,5,0.8,0.3125,"X[,1] %in% c('(99.2,124]') & X[,3] %in% c('(103,148]') & X[,4] %in% c('(-Inf,130]','(587, Inf]') & X[,5] %in% c('(21.1,32.6]')","'n'","V1,V3,V4,V5"
215,0.8,0.00295159386068477,0.0546448087431694,5,8,1,0.5,"X[,1] %in% c('(99.2,124]','(142, Inf]') & X[,2] %in% c('(160,199]','(199,229]') & X[,3] %in% c('(103,148]') & X[,4] %in% c('(130,342]') & X[,5] %in% c('(11.1,21.1]','(21.1,32.6]')","'w'","V1,V2,V3,V4,V5"
216,0.980295566502463,0.0599173553719008,0.0633385335413417,5,13,1,0.8125,"X[,1] %in% c('(-Inf,99.2]','(124,142]','(142, Inf]') & X[,2] %in% c('(160,199]') & X[,3] %in% c('(-Inf,66.5]','(66.5,103]') & X[,4] %in% c('(-Inf,130]','(342,587]','(587, Inf]') & X[,5] %in% c('(11.1,21.1]','(21.1,32.6]','(32.6,39]','(39, Inf]')","'n'","V1,V2,V3,V4,V5"
217,0.986440677966102,0.0870720188902007,0.0920436817472699,4,7,0.8,0.4375,"X[,1] %in% c('(124,142]') & X[,2] %in% c('(-Inf,160]','(229,241]','(241, Inf]') & X[,3] %in% c('(103,148]') & X[,5] %in% c('(11.1,21.1]','(21.1,32.6]')","'n'","V1,V2,V3,V5"
218,0.988805970149254,0.0791027154663518,0.083619344773791,3,7,0.6,0.4375,"X[,2] %in% c('(-Inf,160]','(199,229]','(241, Inf]') & X[,4] %in% c('(130,342]','(342,587]') & X[,5] %in% c('(32.6,39]','(39, Inf]')","'n'","V2,V4,V5"
219,1,0.0670011806375443,0.0708268330733229,4,8,0.8,0.5,"X[,1] %in% c('(-Inf,99.2]','(99.2,124]','(142, Inf]') & X[,2] %in% c('(-Inf,160]','(241, Inf]') & X[,3] %in% c('(103,148]') & X[,5] %in% c('(11.1,21.1]','(21.1,32.6]')","'n'","V1,V2,V3,V5"
220,1,0.0988783943329398,0.104524180967239,3,6,0.6,0.375,"X[,2] %in% c('(-Inf,160]','(199,229]','(241, Inf]') & X[,3] %in% c('(-Inf,66.5]','(66.5,103]') & X[,5] %in% c('(11.1,21.1]')","'n'","V2,V3,V5"
221,1,0.0492916174734357,0.0521060842433697,5,11,1,0.6875,"X[,1] %in% c('(-Inf,99.2]','(99.2,124]','(142, Inf]') & X[,2] %in% c('(-Inf,160]','(199,229]','(241, Inf]') & X[,3] %in% c('(-Inf,66.5]','(66.5,103]') & X[,4] %in% c('(130,342]','(342,587]') & X[,5] %in% c('(21.1,32.6]')","'n'","V1,V2,V3,V4,V5"
222,0.986547085201794,0.0658205430932704,0.0695787831513261,3,4,0.6,0.25,"X[,2] %in% c('(229,241]') & X[,3] %in% c('(103,148]') & X[,4] %in% c('(-Inf,130]','(587, Inf]')","'n'","V2,V3,V4"
223,1,0.0501770956316411,0.0530421216848674,5,11,1,0.6875,"X[,1] %in% c('(124,142]') & X[,2] %in% c('(-Inf,160]','(199,229]','(229,241]','(241, Inf]') & X[,3] %in% c('(-Inf,66.5]','(66.5,103]','(148, Inf]') & X[,4] %in% c('(130,342]','(342,587]') & X[,5] %in% c('(11.1,21.1]')","'n'","V1,V2,V3,V4,V5"
224,1,0.0726092089728453,0.0767550702028081,4,10,0.8,0.625,"X[,1] %in% c('(99.2,124]','(124,142]') & X[,2] %in% c('(-Inf,160]','(199,229]','(241, Inf]') & X[,3] %in% c('(-Inf,66.5]','(66.5,103]') & X[,5] %in% c('(-Inf,11.1]','(32.6,39]','(39, Inf]')","'n'","V1,V2,V3,V5"
225,1,0.0876623376623377,0.0926677067082683,3,10,0.6,0.625,"X[,2] %in% c('(-Inf,160]','(199,229]','(229,241]','(241, Inf]') & X[,4] %in% c('(-Inf,130]','(130,342]','(587, Inf]') & X[,5] %in% c('(-Inf,11.1]','(32.6,39]','(39, Inf]')","'n'","V2,V4,V5"
226,1,0.0926800472255018,0.0979719188767551,4,8,0.8,0.5,"X[,2] %in% c('(199,229]') & X[,3] %in% c('(-Inf,66.5]','(66.5,103]','(148, Inf]') & X[,4] %in% c('(-Inf,130]','(342,587]','(587, Inf]') & X[,5] %in% c('(11.1,21.1]')","'n'","V2,V3,V4,V5"
227,0.996296296296296,0.159386068476978,0.168486739469579,5,11,1,0.6875,"X[,1] %in% c('(99.2,124]','(124,142]') & X[,2] %in% c('(-Inf,160]','(199,229]','(229,241]','(241, Inf]') & X[,3] %in% c('(66.5,103]') & X[,4] %in% c('(-Inf,130]','(342,587]','(587, Inf]') & X[,5] %in% c('(21.1,32.6]')","'n'","V1,V2,V3,V4,V5"
228,1,0.071133412042503,0.075195007800312,3,7,0.6,0.4375,"X[,3] %in% c('(66.5,103]','(103,148]') & X[,4] %in% c('(-Inf,130]','(587, Inf]') & X[,5] %in% c('(-Inf,11.1]','(32.6,39]','(39, Inf]')","'n'","V3,V4,V5"
229,0.998743718592965,0.234946871310508,0.248361934477379,3,6,0.6,0.375,"X[,2] %in% c('(-Inf,160]','(199,229]','(241, Inf]') & X[,3] %in% c('(66.5,103]') & X[,4] %in% c('(130,342]','(342,587]')","'n'","V2,V3,V4"
230,0.99604743083004,0.0746753246753247,0.0789391575663026,4,12,0.8,0.75,"X[,2] %in% c('(-Inf,160]','(160,199]','(199,229]','(241, Inf]') & X[,3] %in% c('(-Inf,66.5]','(148, Inf]') & X[,4] %in% c('(130,342]','(342,587]') & X[,5] %in% c('(-Inf,11.1]','(11.1,21.1]','(21.1,32.6]','(39, Inf]')","'n'","V2,V3,V4,V5"
231,1,0.0602125147579693,0.0636505460218409,4,8,0.8,0.5,"X[,1] %in% c('(-Inf,99.2]','(99.2,124]','(142, Inf]') & X[,3] %in% c('(66.5,103]') & X[,4] %in% c('(-Inf,130]','(587, Inf]') & X[,5] %in% c('(11.1,21.1]','(21.1,32.6]')","'n'","V1,V3,V4,V5"
232,1,0.0487012987012987,0.0514820592823713,4,10,0.8,0.625,"X[,1] %in% c('(-Inf,99.2]','(99.2,124]','(142, Inf]') & X[,2] %in% c('(-Inf,160]','(160,199]','(199,229]','(241, Inf]') & X[,4] %in% c('(-Inf,130]','(587, Inf]') & X[,5] %in% c('(11.1,21.1]')","'n'","V1,V2,V4,V5"
233,1,0.105076741440378,0.111076443057722,4,8,0.8,0.5,"X[,2] %in% c('(-Inf,160]','(199,229]','(241, Inf]') & X[,3] %in% c('(66.5,103]') & X[,4] %in% c('(342,587]') & X[,5] %in% c('(11.1,21.1]','(32.6,39]','(39, Inf]')","'n'","V2,V3,V4,V5"
234,1,0.0625737898465171,0.0661466458658346,4,9,0.8,0.5625,"X[,2] %in% c('(-Inf,160]','(241, Inf]') & X[,3] %in% c('(-Inf,66.5]','(148, Inf]') & X[,4] %in% c('(342,587]') & X[,5] %in% c('(11.1,21.1]','(21.1,32.6]','(32.6,39]','(39, Inf]')","'n'","V2,V3,V4,V5"
235,1,0.122491145218418,0.129485179407176,4,10,0.8,0.625,"X[,2] %in% c('(-Inf,160]','(199,229]','(241, Inf]') & X[,3] %in% c('(-Inf,66.5]','(66.5,103]','(148, Inf]') & X[,4] %in% c('(342,587]') & X[,5] %in% c('(-Inf,11.1]','(11.1,21.1]','(39, Inf]')","'n'","V2,V3,V4,V5"
236,0.997955010224949,0.144332939787485,0.152574102964119,4,5,0.8,0.3125,"X[,2] %in% c('(199,229]') & X[,3] %in% c('(66.5,103]') & X[,4] %in% c('(342,587]') & X[,5] %in% c('(21.1,32.6]','(32.6,39]')","'n'","V2,V3,V4,V5"
237,1,0.114521841794569,0.121060842433697,3,6,0.6,0.375,"X[,2] %in% c('(-Inf,160]','(241, Inf]') & X[,3] %in% c('(66.5,103]','(103,148]') & X[,5] %in% c('(11.1,21.1]','(21.1,32.6]')","'n'","V2,V3,V5"
238,0.996763754045307,0.0912042502951594,0.096411856474259,4,7,0.8,0.4375,"X[,2] %in% c('(199,229]') & X[,3] %in% c('(-Inf,66.5]','(66.5,103]') & X[,4] %in% c('(-Inf,130]','(587, Inf]') & X[,5] %in% c('(11.1,21.1]','(21.1,32.6]')","'n'","V2,V3,V4,V5"
239,1,0.0785123966942149,0.0829953198127925,3,5,0.6,0.3125,"X[,2] %in% c('(199,229]') & X[,3] %in% c('(66.5,103]') & X[,5] %in% c('(-Inf,11.1]','(32.6,39]','(39, Inf]')","'n'","V2,V3,V5"
240,1,0.0548996458087367,0.0580343213728549,4,8,0.8,0.5,"X[,2] %in% c('(-Inf,160]','(241, Inf]') & X[,3] %in% c('(-Inf,66.5]','(148, Inf]') & X[,4] %in% c('(130,342]','(342,587]') & X[,5] %in% c('(11.1,21.1]','(21.1,32.6]')","'n'","V2,V3,V4,V5"
241,0.997566909975669,0.121310507674144,0.128237129485179,3,6,0.6,0.375,"X[,2] %in% c('(160,199]','(199,229]') & X[,3] %in% c('(-Inf,66.5]','(66.5,103]') & X[,4] %in% c('(-Inf,130]','(587, Inf]')","'n'","V2,V3,V4"
242,0.994252873563218,0.051357733175915,0.0542901716068643,4,10,0.8,0.625,"X[,1] %in% c('(-Inf,99.2]','(124,142]','(142, Inf]') & X[,2] %in% c('(229,241]') & X[,3] %in% c('(66.5,103]','(103,148]') & X[,5] %in% c('(-Inf,11.1]','(21.1,32.6]','(32.6,39]','(39, Inf]')","'n'","V1,V2,V3,V5"
243,0.944444444444444,0.00531286894923259,0.0983606557377049,3,5,0.6,0.3125,"X[,2] %in% c('(160,199]') & X[,3] %in% c('(-Inf,66.5]','(103,148]','(148, Inf]') & X[,5] %in% c('(11.1,21.1]')","'w'","V2,V3,V5"
244,0.99,0.0590318772136954,0.062402496099844,3,4,0.6,0.25,"X[,2] %in% c('(199,229]') & X[,3] %in% c('(66.5,103]','(103,148]') & X[,5] %in% c('(32.6,39]')","'n'","V2,V3,V5"
245,1,0.0726092089728453,0.0767550702028081,5,8,1,0.5,"X[,1] %in% c('(99.2,124]','(124,142]') & X[,2] %in% c('(199,229]') & X[,3] %in% c('(66.5,103]') & X[,4] %in% c('(-Inf,130]','(342,587]','(587, Inf]') & X[,5] %in% c('(11.1,21.1]')","'n'","V1,V2,V3,V4,V5"
246,0.982352941176471,0.0501770956316411,0.0530421216848674,4,5,0.8,0.3125,"X[,2] %in% c('(160,199]') & X[,3] %in% c('(66.5,103]') & X[,4] %in% c('(130,342]','(342,587]') & X[,5] %in% c('(21.1,32.6]')","'n'","V2,V3,V4,V5"
247,0.99443413729128,0.159090909090909,0.16817472698908,2,6,0.4,0.375,"X[,2] %in% c('(-Inf,160]','(199,229]','(241, Inf]') & X[,5] %in% c('(-Inf,11.1]','(32.6,39]','(39, Inf]')","'n'","V2,V5"
248,0.988023952095808,0.0985832349468713,0.104212168486739,3,3,0.6,0.1875,"X[,3] %in% c('(66.5,103]') & X[,4] %in% c('(342,587]') & X[,5] %in% c('(11.1,21.1]')","'n'","V3,V4,V5"
249,1,0.0655253837072019,0.0692667706708268,5,11,1,0.6875,"X[,1] %in% c('(99.2,124]') & X[,2] %in% c('(-Inf,160]','(199,229]','(229,241]','(241, Inf]') & X[,3] %in% c('(-Inf,66.5]','(66.5,103]') & X[,4] %in% c('(-Inf,130]','(342,587]','(587, Inf]') & X[,5] %in% c('(21.1,32.6]')","'n'","V1,V2,V3,V4,V5"
250,1,0.109799291617473,0.11606864274571,3,6,0.6,0.375,"X[,2] %in% c('(-Inf,160]','(199,229]','(241, Inf]') & X[,3] %in% c('(66.5,103]') & X[,5] %in% c('(-Inf,11.1]','(11.1,21.1]')","'n'","V2,V3,V5"
251,1,0.0640495867768595,0.0677067082683307,4,12,0.8,0.75,"X[,1] %in% c('(-Inf,99.2]','(124,142]','(142, Inf]') & X[,2] %in% c('(-Inf,160]','(160,199]','(199,229]','(241, Inf]') & X[,3] %in% c('(-Inf,66.5]','(66.5,103]','(148, Inf]') & X[,5] %in% c('(32.6,39]','(39, Inf]')","'n'","V1,V2,V3,V5"
252,1,0.0932703659976387,0.0985959438377535,4,9,0.8,0.5625,"X[,1] %in% c('(99.2,124]') & X[,2] %in% c('(-Inf,160]','(199,229]','(241, Inf]') & X[,3] %in% c('(-Inf,66.5]','(66.5,103]') & X[,5] %in% c('(21.1,32.6]','(32.6,39]','(39, Inf]')","'n'","V1,V2,V3,V5"
253,0.991869918699187,0.108913813459268,0.115132605304212,4,8,0.8,0.5,"X[,1] %in% c('(124,142]') & X[,2] %in% c('(-Inf,160]','(199,229]','(241, Inf]') & X[,3] %in% c('(-Inf,66.5]','(66.5,103]','(148, Inf]') & X[,5] %in% c('(21.1,32.6]')","'n'","V1,V2,V3,V5"
254,0.997211895910781,0.317591499409681,0.335725429017161,3,8,0.6,0.5,"X[,2] %in% c('(-Inf,160]','(199,229]','(241, Inf]') & X[,3] %in% c('(-Inf,66.5]','(66.5,103]','(148, Inf]') & X[,4] %in% c('(130,342]','(342,587]')","'n'","V2,V3,V4"
255,0.959302325581395,0.050767414403778,0.0536661466458658,4,6,0.8,0.375,"X[,1] %in% c('(124,142]') & X[,2] %in% c('(199,229]','(229,241]') & X[,4] %in% c('(-Inf,130]','(587, Inf]') & X[,5] %in% c('(21.1,32.6]')","'n'","V1,V2,V4,V5"
256,0.997518610421836,0.118949232585596,0.125741029641186,2,5,0.4,0.3125,"X[,2] %in% c('(-Inf,160]','(160,199]','(241, Inf]') & X[,4] %in% c('(-Inf,130]','(587, Inf]')","'n'","V2,V4"
257,1,0.0516528925619835,0.0546021840873635,3,7,0.6,0.4375,"X[,2] %in% c('(199,229]','(229,241]') & X[,4] %in% c('(-Inf,130]','(587, Inf]') & X[,5] %in% c('(-Inf,11.1]','(32.6,39]','(39, Inf]')","'n'","V2,V4,V5"
258,0.94475138121547,0.0534238488783943,0.0564742589703588,4,8,0.8,0.5,"X[,2] %in% c('(199,229]','(229,241]') & X[,3] %in% c('(-Inf,66.5]','(103,148]','(148, Inf]') & X[,4] %in% c('(-Inf,130]','(587, Inf]') & X[,5] %in% c('(21.1,32.6]')","'n'","V2,V3,V4,V5"
259,0.836575875486381,0.0758559622195986,0.0801872074882995,4,6,0.8,0.375,"X[,1] %in% c('(124,142]') & X[,2] %in% c('(160,199]','(199,229]','(229,241]') & X[,4] %in% c('(342,587]') & X[,5] %in% c('(11.1,21.1]')","'n'","V1,V2,V4,V5"
260,1,0.0525383707201889,0.0555382215288612,5,9,1,0.5625,"X[,1] %in% c('(-Inf,99.2]','(99.2,124]','(142, Inf]') & X[,2] %in% c('(199,229]') & X[,3] %in% c('(66.5,103]') & X[,4] %in% c('(-Inf,130]','(587, Inf]') & X[,5] %in% c('(11.1,21.1]','(21.1,32.6]')","'n'","V1,V2,V3,V4,V5"
261,0.99672131147541,0.0900236127508855,0.0951638065522621,3,7,0.6,0.4375,"X[,2] %in% c('(-Inf,160]','(160,199]','(241, Inf]') & X[,4] %in% c('(-Inf,130]','(587, Inf]') & X[,5] %in% c('(11.1,21.1]','(21.1,32.6]')","'n'","V2,V4,V5"
262,0.997442455242967,0.115407319952774,0.121996879875195,3,9,0.6,0.5625,"X[,2] %in% c('(-Inf,160]','(199,229]','(241, Inf]') & X[,3] %in% c('(-Inf,66.5]','(66.5,103]','(148, Inf]') & X[,5] %in% c('(-Inf,11.1]','(32.6,39]','(39, Inf]')","'n'","V2,V3,V5"
263,1,0.0487012987012987,0.0514820592823713,5,11,1,0.6875,"X[,1] %in% c('(99.2,124]','(124,142]') & X[,2] %in% c('(-Inf,160]','(241, Inf]') & X[,3] %in% c('(-Inf,66.5]','(66.5,103]','(148, Inf]') & X[,4] %in% c('(130,342]','(342,587]') & X[,5] %in% c('(11.1,21.1]','(21.1,32.6]')","'n'","V1,V2,V3,V4,V5"
264,0.894472361809045,0.0587367178276269,0.0620904836193448,5,8,1,0.5,"X[,1] %in% c('(99.2,124]','(124,142]') & X[,2] %in% c('(160,199]','(229,241]') & X[,3] %in% c('(66.5,103]') & X[,4] %in% c('(130,342]') & X[,5] %in% c('(11.1,21.1]','(21.1,32.6]')","'n'","V1,V2,V3,V4,V5"
265,0.972602739726027,0.0646399055489965,0.0683307332293292,5,8,1,0.5,"X[,1] %in% c('(99.2,124]','(124,142]') & X[,2] %in% c('(160,199]','(229,241]') & X[,3] %in% c('(66.5,103]') & X[,4] %in% c('(342,587]') & X[,5] %in% c('(11.1,21.1]','(21.1,32.6]')","'n'","V1,V2,V3,V4,V5"
266,1,0.0534238488783943,0.0564742589703588,5,9,1,0.5625,"X[,1] %in% c('(99.2,124]','(124,142]') & X[,2] %in% c('(199,229]') & X[,3] %in% c('(-Inf,66.5]','(66.5,103]','(148, Inf]') & X[,4] %in% c('(130,342]','(342,587]') & X[,5] %in% c('(11.1,21.1]')","'n'","V1,V2,V3,V4,V5"
267,0.997245179063361,0.107142857142857,0.113260530421217,5,7,1,0.4375,"X[,1] %in% c('(99.2,124]','(124,142]') & X[,2] %in% c('(199,229]') & X[,3] %in% c('(66.5,103]') & X[,4] %in% c('(130,342]','(342,587]') & X[,5] %in% c('(21.1,32.6]')","'n'","V1,V2,V3,V4,V5"
268,0.998439937597504,0.189197166469894,0.2,3,9,0.6,0.5625,"X[,2] %in% c('(-Inf,160]','(199,229]','(241, Inf]') & X[,3] %in% c('(-Inf,66.5]','(66.5,103]','(148, Inf]') & X[,5] %in% c('(-Inf,11.1]','(11.1,21.1]','(39, Inf]')","'n'","V2,V3,V5"
269,0.881188118811881,0.0596221959858323,0.0630265210608424,4,7,0.8,0.4375,"X[,2] %in% c('(160,199]') & X[,3] %in% c('(-Inf,66.5]','(66.5,103]','(148, Inf]') & X[,4] %in% c('(130,342]') & X[,5] %in% c('(-Inf,11.1]','(11.1,21.1]')","'n'","V2,V3,V4,V5"
270,1,0.103305785123967,0.109204368174727,4,7,0.8,0.4375,"X[,1] %in% c('(-Inf,99.2]','(99.2,124]','(142, Inf]') & X[,2] %in% c('(199,229]') & X[,3] %in% c('(66.5,103]') & X[,5] %in% c('(21.1,32.6]','(32.6,39]')","'n'","V1,V2,V3,V5"
271,0.98019801980198,0.0596221959858323,0.0630265210608424,3,4,0.6,0.25,"X[,3] %in% c('(103,148]') & X[,4] %in% c('(-Inf,130]','(587, Inf]') & X[,5] %in% c('(11.1,21.1]')","'n'","V3,V4,V5"
272,0.995642701525055,0.135478158205431,0.143213728549142,3,8,0.6,0.5,"X[,2] %in% c('(-Inf,160]','(199,229]','(241, Inf]') & X[,3] %in% c('(-Inf,66.5]','(66.5,103]','(148, Inf]') & X[,4] %in% c('(-Inf,130]','(587, Inf]')","'n'","V2,V3,V4"
273,1,0.0758559622195986,0.0801872074882995,5,12,1,0.75,"X[,1] %in% c('(124,142]') & X[,2] %in% c('(-Inf,160]','(199,229]','(241, Inf]') & X[,3] %in% c('(-Inf,66.5]','(66.5,103]','(148, Inf]') & X[,4] %in% c('(342,587]') & X[,5] %in% c('(-Inf,11.1]','(11.1,21.1]','(32.6,39]','(39, Inf]')","'n'","V1,V2,V3,V4,V5"
274,1,0.105667060212515,0.111700468018721,3,6,0.6,0.375,"X[,1] %in% c('(99.2,124]','(124,142]') & X[,2] %in% c('(-Inf,160]','(241, Inf]') & X[,4] %in% c('(130,342]','(342,587]')","'n'","V1,V2,V4"
275,0.987915407854985,0.0976977567886659,0.103276131045242,3,6,0.6,0.375,"X[,1] %in% c('(-Inf,99.2]','(99.2,124]','(142, Inf]') & X[,4] %in% c('(-Inf,130]','(587, Inf]') & X[,5] %in% c('(21.1,32.6]')","'n'","V1,V4,V5"
276,0.969827586206897,0.0684769775678867,0.072386895475819,4,6,0.8,0.375,"X[,1] %in% c('(124,142]') & X[,3] %in% c('(66.5,103]','(103,148]') & X[,4] %in% c('(-Inf,130]','(587, Inf]') & X[,5] %in% c('(21.1,32.6]')","'n'","V1,V3,V4,V5"
277,0.83625730994152,0.0504722550177096,0.0533541341653666,4,5,0.8,0.3125,"X[,1] %in% c('(124,142]') & X[,2] %in% c('(199,229]') & X[,4] %in% c('(130,342]','(342,587]') & X[,5] %in% c('(11.1,21.1]')","'n'","V1,V2,V4,V5"
278,0.996835443037975,0.0932703659976387,0.0985959438377535,5,10,1,0.625,"X[,1] %in% c('(124,142]') & X[,2] %in% c('(199,229]','(229,241]') & X[,3] %in% c('(66.5,103]') & X[,4] %in% c('(130,342]','(342,587]') & X[,5] %in% c('(-Inf,11.1]','(21.1,32.6]','(32.6,39]','(39, Inf]')","'n'","V1,V2,V3,V4,V5"
279,1,0.0619834710743802,0.0655226209048362,5,9,1,0.5625,"X[,1] %in% c('(99.2,124]') & X[,2] %in% c('(199,229]') & X[,3] %in% c('(66.5,103]') & X[,4] %in% c('(130,342]','(342,587]') & X[,5] %in% c('(-Inf,11.1]','(21.1,32.6]','(32.6,39]','(39, Inf]')","'n'","V1,V2,V3,V4,V5"
280,0.987767584097859,0.096517119244392,0.102028081123245,2,4,0.4,0.25,"X[,2] %in% c('(160,199]','(199,229]') & X[,5] %in% c('(32.6,39]','(39, Inf]')","'n'","V2,V5"
281,1,0.0823494687131051,0.0870514820592824,3,7,0.6,0.4375,"X[,2] %in% c('(-Inf,160]','(241, Inf]') & X[,3] %in% c('(-Inf,66.5]','(66.5,103]','(148, Inf]') & X[,4] %in% c('(130,342]','(342,587]')","'n'","V2,V3,V4"
282,0.875,0.00708382526564345,0.131147540983607,4,9,0.8,0.5625,"X[,2] %in% c('(160,199]') & X[,3] %in% c('(-Inf,66.5]','(103,148]','(148, Inf]') & X[,4] %in% c('(130,342]','(342,587]') & X[,5] %in% c('(-Inf,11.1]','(11.1,21.1]','(21.1,32.6]')","'w'","V2,V3,V4,V5"
283,0.996309963099631,0.0799881936245573,0.0845553822152886,5,9,1,0.5625,"X[,1] %in% c('(99.2,124]','(124,142]') & X[,2] %in% c('(199,229]') & X[,3] %in% c('(66.5,103]') & X[,4] %in% c('(-Inf,130]','(587, Inf]') & X[,5] %in% c('(-Inf,11.1]','(11.1,21.1]','(21.1,32.6]')","'n'","V1,V2,V3,V4,V5"
284,1,0.050767414403778,0.0536661466458658,5,7,1,0.4375,"X[,1] %in% c('(99.2,124]','(124,142]') & X[,2] %in% c('(199,229]') & X[,3] %in% c('(66.5,103]') & X[,4] %in% c('(342,587]') & X[,5] %in% c('(-Inf,11.1]','(11.1,21.1]')","'n'","V1,V2,V3,V4,V5"
285,0.90302066772655,0.185655253837072,0.196255850234009,2,2,0.4,0.125,"X[,4] %in% c('(342,587]') & X[,5] %in% c('(11.1,21.1]')","'n'","V4,V5"
286,0.995073891625616,0.0599173553719008,0.0633385335413417,3,4,0.6,0.25,"X[,1] %in% c('(124,142]') & X[,3] %in% c('(66.5,103]') & X[,4] %in% c('(-Inf,130]','(587, Inf]')","'n'","V1,V3,V4"
287,1,0.0675914994096812,0.0714508580343214,4,11,0.8,0.6875,"X[,1] %in% c('(99.2,124]','(124,142]','(142, Inf]') & X[,2] %in% c('(-Inf,160]','(241, Inf]') & X[,4] %in% c('(130,342]','(342,587]') & X[,5] %in% c('(-Inf,11.1]','(21.1,32.6]','(32.6,39]','(39, Inf]')","'n'","V1,V2,V4,V5"
288,0.903030303030303,0.0487012987012987,0.0514820592823713,4,4,0.8,0.25,"X[,1] %in% c('(99.2,124]') & X[,2] %in% c('(199,229]') & X[,4] %in% c('(342,587]') & X[,5] %in% c('(21.1,32.6]')","'n'","V1,V2,V4,V5"
289,0.984536082474227,0.0572609208972845,0.0605304212168487,5,10,1,0.625,"X[,1] %in% c('(99.2,124]','(124,142]','(142, Inf]') & X[,2] %in% c('(160,199]') & X[,3] %in% c('(-Inf,66.5]','(66.5,103]') & X[,4] %in% c('(130,342]','(342,587]') & X[,5] %in% c('(21.1,32.6]','(39, Inf]')","'n'","V1,V2,V3,V4,V5"
290,0.99645390070922,0.0832349468713105,0.08798751950078,4,8,0.8,0.5,"X[,2] %in% c('(-Inf,160]','(229,241]','(241, Inf]') & X[,3] %in% c('(103,148]') & X[,4] %in% c('(-Inf,130]','(130,342]','(587, Inf]') & X[,5] %in% c('(21.1,32.6]')","'n'","V2,V3,V4,V5"
291,1,0.0885478158205431,0.093603744149766,5,12,1,0.75,"X[,1] %in% c('(99.2,124]','(124,142]') & X[,2] %in% c('(-Inf,160]','(199,229]','(241, Inf]') & X[,3] %in% c('(-Inf,66.5]','(66.5,103]','(148, Inf]') & X[,4] %in% c('(130,342]','(342,587]') & X[,5] %in% c('(-Inf,11.1]','(11.1,21.1]')","'n'","V1,V2,V3,V4,V5"
292,1,0.0684769775678867,0.072386895475819,3,8,0.6,0.5,"X[,1] %in% c('(-Inf,99.2]','(99.2,124]','(142, Inf]') & X[,2] %in% c('(-Inf,160]','(160,199]','(241, Inf]') & X[,4] %in% c('(-Inf,130]','(587, Inf]')","'n'","V1,V2,V4"
293,1,0.11245572609209,0.118876755070203,4,11,0.8,0.6875,"X[,2] %in% c('(-Inf,160]','(199,229]','(229,241]','(241, Inf]') & X[,3] %in% c('(-Inf,66.5]','(66.5,103]') & X[,4] %in% c('(342,587]') & X[,5] %in% c('(-Inf,11.1]','(11.1,21.1]','(32.6,39]','(39, Inf]')","'n'","V2,V3,V4,V5"
294,1,0.12987012987013,0.137285491419657,3,7,0.6,0.4375,"X[,2] %in% c('(-Inf,160]','(199,229]','(241, Inf]') & X[,3] %in% c('(66.5,103]') & X[,5] %in% c('(-Inf,11.1]','(11.1,21.1]','(39, Inf]')","'n'","V2,V3,V5"
295,1,0.0492916174734357,0.0521060842433697,4,10,0.8,0.625,"X[,2] %in% c('(-Inf,160]','(199,229]','(241, Inf]') & X[,3] %in% c('(-Inf,66.5]','(148, Inf]') & X[,4] %in% c('(130,342]','(342,587]') & X[,5] %in% c('(-Inf,11.1]','(11.1,21.1]','(39, Inf]')","'n'","V2,V3,V4,V5"
296,1,0.0788075560802834,0.0833073322932917,3,7,0.6,0.4375,"X[,1] %in% c('(-Inf,99.2]','(124,142]','(142, Inf]') & X[,2] %in% c('(-Inf,160]','(241, Inf]') & X[,3] %in% c('(66.5,103]','(103,148]')","'n'","V1,V2,V3"
297,0.995327102803738,0.0631641086186541,0.0667706708268331,3,7,0.6,0.4375,"X[,1] %in% c('(-Inf,99.2]','(124,142]','(142, Inf]') & X[,2] %in% c('(-Inf,160]','(241, Inf]') & X[,3] %in% c('(-Inf,66.5]','(148, Inf]')","'n'","V1,V2,V3"
298,0.94551282051282,0.0920897284533648,0.0973478939157566,4,6,0.8,0.375,"X[,1] %in% c('(-Inf,99.2]','(124,142]') & X[,2] %in% c('(160,199]') & X[,3] %in% c('(66.5,103]') & X[,5] %in% c('(11.1,21.1]','(21.1,32.6]')","'n'","V1,V2,V3,V5"
299,0.889380530973451,0.133412042502952,0.141029641185647,4,5,0.8,0.3125,"X[,1] %in% c('(99.2,124]','(124,142]') & X[,2] %in% c('(199,229]') & X[,4] %in% c('(342,587]') & X[,5] %in% c('(21.1,32.6]')","'n'","V1,V2,V4,V5"
300,0.994642857142857,0.165289256198347,0.174726989079563,3,7,0.6,0.4375,"X[,2] %in% c('(-Inf,160]','(160,199]','(229,241]','(241, Inf]') & X[,3] %in% c('(103,148]') & X[,4] %in% c('(-Inf,130]','(587, Inf]')","'n'","V2,V3,V4"
301,1,0.0572609208972845,0.0605304212168487,4,10,0.8,0.625,"X[,1] %in% c('(124,142]') & X[,2] %in% c('(-Inf,160]','(199,229]','(241, Inf]') & X[,3] %in% c('(-Inf,66.5]','(66.5,103]','(148, Inf]') & X[,5] %in% c('(-Inf,11.1]','(32.6,39]','(39, Inf]')","'n'","V1,V2,V3,V5"
302,1,0.142857142857143,0.151014040561622,4,11,0.8,0.6875,"X[,1] %in% c('(99.2,124]') & X[,2] %in% c('(-Inf,160]','(199,229]','(241, Inf]') & X[,3] %in% c('(-Inf,66.5]','(66.5,103]','(148, Inf]') & X[,5] %in% c('(-Inf,11.1]','(11.1,21.1]','(21.1,32.6]','(39, Inf]')","'n'","V1,V2,V3,V5"
303,0.984905660377358,0.0782172373081464,0.0826833073322933,5,9,1,0.5625,"X[,1] %in% c('(99.2,124]','(124,142]') & X[,2] %in% c('(160,199]','(199,229]','(229,241]') & X[,3] %in% c('(-Inf,66.5]','(66.5,103]') & X[,4] %in% c('(342,587]') & X[,5] %in% c('(11.1,21.1]')","'n'","V1,V2,V3,V4,V5"
304,0.998058252427184,0.152007083825266,0.160686427457098,5,10,1,0.625,"X[,1] %in% c('(99.2,124]','(124,142]') & X[,2] %in% c('(199,229]','(229,241]') & X[,3] %in% c('(66.5,103]') & X[,4] %in% c('(342,587]') & X[,5] %in% c('(-Inf,11.1]','(21.1,32.6]','(32.6,39]','(39, Inf]')","'n'","V1,V2,V3,V4,V5"
305,0.832298136645963,0.0475206611570248,0.0502340093603744,3,3,0.6,0.1875,"X[,2] %in% c('(160,199]') & X[,4] %in% c('(130,342]') & X[,5] %in% c('(11.1,21.1]')","'n'","V2,V4,V5"
306,0.996363636363636,0.0811688311688312,0.0858034321372855,4,10,0.8,0.625,"X[,1] %in% c('(99.2,124]') & X[,2] %in% c('(-Inf,160]','(229,241]','(241, Inf]') & X[,3] %in% c('(-Inf,66.5]','(66.5,103]','(103,148]') & X[,4] %in% c('(-Inf,130]','(130,342]','(587, Inf]')","'n'","V1,V2,V3,V4"
307,1,0.051948051948052,0.0549141965678627,4,8,0.8,0.5,"X[,1] %in% c('(124,142]','(142, Inf]') & X[,2] %in% c('(-Inf,160]','(160,199]','(241, Inf]') & X[,3] %in% c('(103,148]') & X[,4] %in% c('(-Inf,130]','(587, Inf]')","'n'","V1,V2,V3,V4"
308,0.989528795811518,0.0563754427390791,0.059594383775351,3,7,0.6,0.4375,"X[,2] %in% c('(-Inf,160]','(229,241]','(241, Inf]') & X[,3] %in% c('(148, Inf]') & X[,5] %in% c('(-Inf,11.1]','(21.1,32.6]','(39, Inf]')","'n'","V2,V3,V5"
309,0.940860215053763,0.16469893742621,0.174102964118565,2,2,0.4,0.125,"X[,2] %in% c('(160,199]') & X[,3] %in% c('(66.5,103]')","'n'","V2,V3"
310,0.996649916247906,0.176210153482881,0.186271450858034,3,4,0.6,0.25,"X[,2] %in% c('(199,229]') & X[,3] %in% c('(-Inf,66.5]','(66.5,103]') & X[,5] %in% c('(21.1,32.6]')","'n'","V2,V3,V5"
311,0.997635933806147,0.124852420306966,0.13198127925117,4,13,0.8,0.8125,"X[,2] %in% c('(-Inf,160]','(229,241]','(241, Inf]') & X[,3] %in% c('(-Inf,66.5]','(66.5,103]','(103,148]') & X[,4] %in% c('(-Inf,130]','(130,342]','(587, Inf]') & X[,5] %in% c('(-Inf,11.1]','(21.1,32.6]','(32.6,39]','(39, Inf]')","'n'","V2,V3,V4,V5"
312,0.974025974025974,0.113636363636364,0.1201248049922,3,7,0.6,0.4375,"X[,2] %in% c('(199,229]') & X[,4] %in% c('(-Inf,130]','(587, Inf]') & X[,5] %in% c('(-Inf,11.1]','(21.1,32.6]','(32.6,39]','(39, Inf]')","'n'","V2,V4,V5"
313,1,0.0616883116883117,0.065210608424337,4,5,0.8,0.3125,"X[,2] %in% c('(199,229]','(229,241]') & X[,3] %in% c('(66.5,103]') & X[,4] %in% c('(342,587]') & X[,5] %in% c('(11.1,21.1]')","'n'","V2,V3,V4,V5"
314,0.998214285714286,0.165289256198347,0.174726989079563,4,9,0.8,0.5625,"X[,2] %in% c('(199,229]','(229,241]') & X[,3] %in% c('(-Inf,66.5]','(66.5,103]') & X[,4] %in% c('(342,587]') & X[,5] %in% c('(-Inf,11.1]','(21.1,32.6]','(32.6,39]','(39, Inf]')","'n'","V2,V3,V4,V5"
315,0.96551724137931,0.0684769775678867,0.072386895475819,3,4,0.6,0.25,"X[,1] %in% c('(124,142]') & X[,2] %in% c('(199,229]') & X[,4] %in% c('(-Inf,130]','(587, Inf]')","'n'","V1,V2,V4"
316,1,0.0622786304604486,0.0658346333853354,3,7,0.6,0.4375,"X[,2] %in% c('(-Inf,160]','(241, Inf]') & X[,4] %in% c('(130,342]','(342,587]') & X[,5] %in% c('(-Inf,11.1]','(21.1,32.6]','(39, Inf]')","'n'","V2,V4,V5"
317,0.989528795811518,0.169126328217237,0.178783151326053,4,6,0.8,0.375,"X[,1] %in% c('(124,142]') & X[,2] %in% c('(160,199]','(199,229]') & X[,3] %in% c('(-Inf,66.5]','(66.5,103]') & X[,4] %in% c('(342,587]')","'n'","V1,V2,V3,V4"
318,1,0.00501770956316411,0.092896174863388,5,10,1,0.625,"X[,1] %in% c('(-Inf,99.2]','(124,142]','(142, Inf]') & X[,2] %in% c('(160,199]') & X[,3] %in% c('(103,148]','(148, Inf]') & X[,4] %in% c('(130,342]','(342,587]') & X[,5] %in% c('(11.1,21.1]','(21.1,32.6]')","'w'","V1,V2,V3,V4,V5"
319,1,0.0481109799291617,0.0508580343213728,3,7,0.6,0.4375,"X[,2] %in% c('(-Inf,160]','(229,241]','(241, Inf]') & X[,3] %in% c('(103,148]') & X[,5] %in% c('(-Inf,11.1]','(32.6,39]','(39, Inf]')","'n'","V2,V3,V5"
320,0.997757847533632,0.131641086186541,0.139157566302652,3,7,0.6,0.4375,"X[,2] %in% c('(-Inf,160]','(199,229]','(241, Inf]') & X[,3] %in% c('(-Inf,66.5]','(66.5,103]','(148, Inf]') & X[,5] %in% c('(11.1,21.1]')","'n'","V2,V3,V5"
321,0.997282608695652,0.1086186540732,0.114820592823713,3,9,0.6,0.5625,"X[,3] %in% c('(-Inf,66.5]','(66.5,103]','(148, Inf]') & X[,4] %in% c('(-Inf,130]','(587, Inf]') & X[,5] %in% c('(-Inf,11.1]','(21.1,32.6]','(32.6,39]','(39, Inf]')","'n'","V3,V4,V5"
322,1,0.0702479338842975,0.0742589703588143,5,13,1,0.8125,"X[,1] %in% c('(-Inf,99.2]','(99.2,124]','(142, Inf]') & X[,2] %in% c('(-Inf,160]','(199,229]','(241, Inf]') & X[,3] %in% c('(-Inf,66.5]','(66.5,103]') & X[,4] %in% c('(130,342]','(342,587]') & X[,5] %in% c('(21.1,32.6]','(32.6,39]','(39, Inf]')","'n'","V1,V2,V3,V4,V5"
323,0.997142857142857,0.103305785123967,0.109204368174727,3,5,0.6,0.3125,"X[,3] %in% c('(66.5,103]') & X[,4] %in% c('(-Inf,130]','(587, Inf]') & X[,5] %in% c('(11.1,21.1]','(21.1,32.6]')","'n'","V3,V4,V5"
324,1,0.0690672963400236,0.0730109204368175,5,10,1,0.625,"X[,1] %in% c('(99.2,124]','(124,142]') & X[,2] %in% c('(-Inf,160]','(160,199]','(241, Inf]') & X[,3] %in% c('(103,148]') & X[,4] %in% c('(-Inf,130]','(587, Inf]') & X[,5] %in% c('(11.1,21.1]','(21.1,32.6]')","'n'","V1,V2,V3,V4,V5"
325,1,0.00501770956316411,0.092896174863388,3,3,0.6,0.1875,"X[,2] %in% c('(160,199]') & X[,3] %in% c('(103,148]') & X[,5] %in% c('(11.1,21.1]')","'w'","V2,V3,V5"
326,1,0.0838252656434475,0.0886115444617785,4,8,0.8,0.5,"X[,2] %in% c('(-Inf,160]','(241, Inf]') & X[,3] %in% c('(103,148]') & X[,4] %in% c('(-Inf,130]','(130,342]','(587, Inf]') & X[,5] %in% c('(11.1,21.1]','(21.1,32.6]')","'n'","V2,V3,V4,V5"
327,0.994011976047904,0.0985832349468713,0.104212168486739,4,10,0.8,0.625,"X[,2] %in% c('(-Inf,160]','(199,229]','(241, Inf]') & X[,3] %in% c('(-Inf,66.5]','(66.5,103]','(148, Inf]') & X[,4] %in% c('(-Inf,130]','(587, Inf]') & X[,5] %in% c('(11.1,21.1]','(21.1,32.6]')","'n'","V2,V3,V4,V5"
328,1,0.103600944510035,0.109516380655226,5,12,1,0.75,"X[,1] %in% c('(-Inf,99.2]','(99.2,124]','(142, Inf]') & X[,2] %in% c('(-Inf,160]','(199,229]','(241, Inf]') & X[,3] %in% c('(-Inf,66.5]','(66.5,103]','(148, Inf]') & X[,4] %in% c('(342,587]') & X[,5] %in% c('(11.1,21.1]','(21.1,32.6]')","'n'","V1,V2,V3,V4,V5"
329,0.997663551401869,0.126328217237308,0.133541341653666,3,9,0.6,0.5625,"X[,2] %in% c('(-Inf,160]','(229,241]','(241, Inf]') & X[,4] %in% c('(-Inf,130]','(130,342]','(587, Inf]') & X[,5] %in% c('(-Inf,11.1]','(21.1,32.6]','(39, Inf]')","'n'","V2,V4,V5"
330,0.97752808988764,0.0525383707201889,0.0555382215288612,3,5,0.6,0.3125,"X[,2] %in% c('(-Inf,160]','(229,241]','(241, Inf]') & X[,4] %in% c('(342,587]') & X[,5] %in% c('(21.1,32.6]')","'n'","V2,V4,V5"
331,0.996402877697842,0.164108618654073,0.173478939157566,4,9,0.8,0.5625,"X[,1] %in% c('(-Inf,99.2]','(99.2,124]') & X[,2] %in% c('(160,199]','(199,229]') & X[,3] %in% c('(-Inf,66.5]','(66.5,103]') & X[,4] %in% c('(-Inf,130]','(342,587]','(587, Inf]')","'n'","V1,V2,V3,V4"
332,0.977477477477477,0.0655253837072019,0.0692667706708268,4,7,0.8,0.4375,"X[,2] %in% c('(-Inf,160]','(229,241]','(241, Inf]') & X[,3] %in% c('(103,148]') & X[,4] %in% c('(342,587]') & X[,5] %in% c('(11.1,21.1]','(21.1,32.6]')","'n'","V2,V3,V4,V5"
333,0.988304093567251,0.0504722550177096,0.0533541341653666,2,3,0.4,0.1875,"X[,1] %in% c('(142, Inf]') & X[,3] %in% c('(-Inf,66.5]','(66.5,103]')","'n'","V1,V3"
334,1,0.0475206611570248,0.0502340093603744,4,7,0.8,0.4375,"X[,2] %in% c('(-Inf,160]','(241, Inf]') & X[,3] %in% c('(103,148]') & X[,4] %in% c('(-Inf,130]','(130,342]','(587, Inf]') & X[,5] %in% c('(21.1,32.6]')","'n'","V2,V3,V4,V5"
335,0.995145631067961,0.121605667060213,0.128549141965679,3,7,0.6,0.4375,"X[,1] %in% c('(-Inf,99.2]','(99.2,124]') & X[,3] %in% c('(-Inf,66.5]','(66.5,103]') & X[,5] %in% c('(21.1,32.6]','(32.6,39]','(39, Inf]')","'n'","V1,V3,V5"
336,0.989270386266094,0.13754427390791,0.145397815912637,4,6,0.8,0.375,"X[,1] %in% c('(124,142]') & X[,3] %in% c('(-Inf,66.5]','(66.5,103]') & X[,4] %in% c('(342,587]') & X[,5] %in% c('(11.1,21.1]','(21.1,32.6]')","'n'","V1,V3,V4,V5"
337,0.99390243902439,0.0484061393152302,0.0511700468018721,4,8,0.8,0.5,"X[,1] %in% c('(-Inf,99.2]','(99.2,124]') & X[,3] %in% c('(-Inf,66.5]','(66.5,103]') & X[,4] %in% c('(-Inf,130]','(342,587]','(587, Inf]') & X[,5] %in% c('(11.1,21.1]')","'n'","V1,V3,V4,V5"
338,0.997777777777778,0.132821723730815,0.140405616224649,2,3,0.4,0.1875,"X[,3] %in% c('(66.5,103]') & X[,4] %in% c('(-Inf,130]','(587, Inf]')","'n'","V3,V4"
339,0.994845360824742,0.0572609208972845,0.0605304212168487,5,14,1,0.875,"X[,1] %in% c('(124,142]') & X[,2] %in% c('(-Inf,160]','(160,199]','(229,241]','(241, Inf]') & X[,3] %in% c('(-Inf,66.5]','(103,148]','(148, Inf]') & X[,4] %in% c('(-Inf,130]','(587, Inf]') & X[,5] %in% c('(-Inf,11.1]','(21.1,32.6]','(32.6,39]','(39, Inf]')","'n'","V1,V2,V3,V4,V5"
340,0.990990990990991,0.229338842975207,0.242433697347894,3,6,0.6,0.375,"X[,1] %in% c('(124,142]') & X[,3] %in% c('(-Inf,66.5]','(66.5,103]') & X[,4] %in% c('(-Inf,130]','(342,587]','(587, Inf]')","'n'","V1,V3,V4"
341,0.996124031007752,0.0761511216056671,0.0804992199687987,4,8,0.8,0.5,"X[,1] %in% c('(99.2,124]') & X[,2] %in% c('(-Inf,160]','(229,241]','(241, Inf]') & X[,3] %in% c('(103,148]') & X[,4] %in% c('(-Inf,130]','(130,342]','(587, Inf]')","'n'","V1,V2,V3,V4"
342,0.982857142857143,0.0516528925619835,0.0546021840873635,4,8,0.8,0.5,"X[,1] %in% c('(-Inf,99.2]','(124,142]','(142, Inf]') & X[,2] %in% c('(-Inf,160]','(229,241]','(241, Inf]') & X[,3] %in% c('(103,148]') & X[,5] %in% c('(11.1,21.1]')","'n'","V1,V2,V3,V5"
343,0.996835443037975,0.0932703659976387,0.0985959438377535,4,11,0.8,0.6875,"X[,1] %in% c('(-Inf,99.2]','(124,142]','(142, Inf]') & X[,2] %in% c('(-Inf,160]','(229,241]','(241, Inf]') & X[,3] %in% c('(103,148]') & X[,5] %in% c('(-Inf,11.1]','(21.1,32.6]','(32.6,39]','(39, Inf]')","'n'","V1,V2,V3,V5"
344,1,0.198642266824085,0.209984399375975,4,13,0.8,0.8125,"X[,1] %in% c('(-Inf,99.2]','(99.2,124]','(142, Inf]') & X[,2] %in% c('(-Inf,160]','(199,229]','(241, Inf]') & X[,3] %in% c('(-Inf,66.5]','(66.5,103]','(148, Inf]') & X[,5] %in% c('(-Inf,11.1]','(11.1,21.1]','(21.1,32.6]','(39, Inf]')","'n'","V1,V2,V3,V5"
345,0.991111111111111,0.0664108618654073,0.0702028081123245,5,11,1,0.6875,"X[,1] %in% c('(124,142]','(142, Inf]') & X[,2] %in% c('(-Inf,160]','(160,199]','(229,241]','(241, Inf]') & X[,3] %in% c('(103,148]') & X[,4] %in% c('(-Inf,130]','(587, Inf]') & X[,5] %in% c('(11.1,21.1]','(21.1,32.6]')","'n'","V1,V2,V3,V4,V5"
346,0.996632996632997,0.0876623376623377,0.0926677067082683,4,10,0.8,0.625,"X[,1] %in% c('(124,142]') & X[,2] %in% c('(-Inf,160]','(199,229]','(241, Inf]') & X[,3] %in% c('(-Inf,66.5]','(66.5,103]','(148, Inf]') & X[,5] %in% c('(-Inf,11.1]','(11.1,21.1]','(39, Inf]')","'n'","V1,V2,V3,V5"
347,1,0.0038370720188902,0.0710382513661202,4,5,0.8,0.3125,"X[,2] %in% c('(160,199]') & X[,3] %in% c('(103,148]') & X[,4] %in% c('(342,587]') & X[,5] %in% c('(11.1,21.1]','(21.1,32.6]')","'w'","V2,V3,V4,V5"
348,0.996960486322188,0.0971074380165289,0.102652106084243,4,10,0.8,0.625,"X[,1] %in% c('(-Inf,99.2]','(99.2,124]','(142, Inf]') & X[,2] %in% c('(-Inf,160]','(229,241]','(241, Inf]') & X[,3] %in% c('(103,148]') & X[,4] %in% c('(-Inf,130]','(130,342]','(587, Inf]')","'n'","V1,V2,V3,V4"
349,1,0.0510625737898465,0.053978159126365,4,11,0.8,0.6875,"X[,1] %in% c('(-Inf,99.2]','(142, Inf]') & X[,3] %in% c('(-Inf,66.5]','(66.5,103]') & X[,4] %in% c('(-Inf,130]','(342,587]','(587, Inf]') & X[,5] %in% c('(11.1,21.1]','(21.1,32.6]','(32.6,39]','(39, Inf]')","'n'","V1,V3,V4,V5"
350,0.986607142857143,0.0661157024793388,0.0698907956318253,4,7,0.8,0.4375,"X[,1] %in% c('(124,142]') & X[,3] %in% c('(-Inf,66.5]','(66.5,103]') & X[,4] %in% c('(-Inf,130]','(342,587]','(587, Inf]') & X[,5] %in% c('(11.1,21.1]')","'n'","V1,V3,V4,V5"
351,1,0.166765053128689,0.176287051482059,4,11,0.8,0.6875,"X[,1] %in% c('(-Inf,99.2]','(99.2,124]','(142, Inf]') & X[,2] %in% c('(-Inf,160]','(199,229]','(241, Inf]') & X[,3] %in% c('(-Inf,66.5]','(66.5,103]','(148, Inf]') & X[,5] %in% c('(11.1,21.1]','(21.1,32.6]')","'n'","V1,V2,V3,V5"
