"data","iter","id","confidence","support","class_suppport","var_length","levels_length","var_nbr_scaled","levels_nbr_scaled","cond","Ypred","var_used","abl_model"
"wine",1,14,0.96875,0.256,0.941176470588235,2,4,0.333333333333333,0.210526315789474,"X[,7] %in% c('(-Inf,1.05]','(1.05,1.91]') & X[,11] %in% c('(-Inf,0.635]','(0.635,0.857]')","'3'","V7,V11","no_abl"
"wine",1,15,1,0.328,0.82,2,4,0.333333333333333,0.210526315789474,"X[,1] %in% c('(-Inf,12.14]','(12.14,12.74]') & X[,11] %in% c('(0.857,1.21]','(1.21, Inf]')","'2'","V1,V11","no_abl"
"wine",1,20,1,0.32,0.8,2,4,0.333333333333333,0.210526315789474,"X[,10] %in% c('(-Inf,3.06]','(3.06,4.05]') & X[,13] %in% c('(-Inf,540]','(540,759]')","'2'","V10,V13","no_abl"
"wine",1,93,0.976190476190476,0.336,1.02439024390244,4,11,0.666666666666667,0.578947368421053,"X[,1] %in% c('(12.74,13.55]','(13.55,13.63]','(13.63, Inf]') & X[,6] %in% c('(2.18,3.04]','(3.04, Inf]') & X[,11] %in% c('(0.635,0.857]','(0.857,1.21]','(1.21, Inf]') & X[,13] %in% c('(540,759]','(759,994]','(994, Inf]')","'1'","V1,V6,V11,V13","no_abl"
"wine",1,377,1,0.256,0.64,2,4,0.333333333333333,0.210526315789474,"X[,12] %in% c('(1.97,2.58]','(2.58,3.64]','(3.64, Inf]') & X[,13] %in% c('(-Inf,540]')","'2'","V12,V13","no_abl"
"wine",1,14,0.96875,0.256,0.941176470588235,2,4,0.333333333333333,0.210526315789474,"X[,7] %in% c('(-Inf,1.05]','(1.05,1.91]') & X[,11] %in% c('(-Inf,0.635]','(0.635,0.857]')","'3'","V7,V11","abl_conf"
"wine",1,15,1,0.328,0.82,2,4,0.333333333333333,0.210526315789474,"X[,1] %in% c('(-Inf,12.14]','(12.14,12.74]') & X[,11] %in% c('(0.857,1.21]','(1.21, Inf]')","'2'","V1,V11","abl_conf"
"wine",1,20,1,0.32,0.8,2,4,0.333333333333333,0.210526315789474,"X[,10] %in% c('(-Inf,3.06]','(3.06,4.05]') & X[,13] %in% c('(-Inf,540]','(540,759]')","'2'","V10,V13","abl_conf"
"wine",1,93,0.976190476190476,0.336,1.02439024390244,4,11,0.666666666666667,0.578947368421053,"X[,1] %in% c('(12.74,13.55]','(13.55,13.63]','(13.63, Inf]') & X[,6] %in% c('(2.18,3.04]','(3.04, Inf]') & X[,11] %in% c('(0.635,0.857]','(0.857,1.21]','(1.21, Inf]') & X[,13] %in% c('(540,759]','(759,994]','(994, Inf]')","'1'","V1,V6,V11,V13","abl_conf"
"wine",1,377,1,0.256,0.64,2,4,0.333333333333333,0.210526315789474,"X[,12] %in% c('(1.97,2.58]','(2.58,3.64]','(3.64, Inf]') & X[,13] %in% c('(-Inf,540]')","'2'","V12,V13","abl_conf"
"wine",1,7,0.967741935483871,0.248,0.911764705882353,1,2,0.166666666666667,0.105263157894737,"X[,12] %in% c('(-Inf,1.44]','(1.44,1.97]')","'3'","V12","abl_supp"
"wine",1,74,1,0.352,0.88,2,5,0.333333333333333,0.263157894736842,"X[,1] %in% c('(-Inf,12.14]','(12.14,12.74]') & X[,12] %in% c('(1.97,2.58]','(2.58,3.64]','(3.64, Inf]')","'2'","V1,V12","abl_supp"
"wine",1,127,1,0.168,0.617647058823529,2,2,0.333333333333333,0.105263157894737,"X[,7] %in% c('(-Inf,1.05]') & X[,9] %in% c('(0.526,1.39]')","'3'","V7,V9","abl_supp"
"wine",1,153,1,0.312,0.951219512195122,4,9,0.666666666666667,0.473684210526316,"X[,1] %in% c('(12.74,13.55]','(13.55,13.63]','(13.63, Inf]') & X[,5] %in% c('(83.5,93.8]','(93.8,133]') & X[,6] %in% c('(2.18,3.04]','(3.04, Inf]') & X[,13] %in% c('(759,994]','(994, Inf]')","'1'","V1,V5,V6,V13","abl_supp"
"wine",1,377,1,0.256,0.64,2,4,0.333333333333333,0.210526315789474,"X[,12] %in% c('(1.97,2.58]','(2.58,3.64]','(3.64, Inf]') & X[,13] %in% c('(-Inf,540]')","'2'","V12,V13","abl_supp"
"wine",1,14,0.96875,0.256,0.941176470588235,2,4,0.333333333333333,0.210526315789474,"X[,7] %in% c('(-Inf,1.05]','(1.05,1.91]') & X[,11] %in% c('(-Inf,0.635]','(0.635,0.857]')","'3'","V7,V11","abl_length"
"wine",1,20,1,0.32,0.8,2,4,0.333333333333333,0.210526315789474,"X[,10] %in% c('(-Inf,3.06]','(3.06,4.05]') & X[,13] %in% c('(-Inf,540]','(540,759]')","'2'","V10,V13","abl_length"
"wine",1,35,1,0.344,0.86,3,8,0.5,0.421052631578947,"X[,1] %in% c('(-Inf,12.14]','(12.14,12.74]') & X[,8] %in% c('(-Inf,0.219]','(0.219,0.384]','(0.384,0.55]') & X[,11] %in% c('(0.635,0.857]','(0.857,1.21]','(1.21, Inf]')","'2'","V1,V8,V11","abl_length"
"wine",1,93,0.976190476190476,0.336,1.02439024390244,4,11,0.666666666666667,0.578947368421053,"X[,1] %in% c('(12.74,13.55]','(13.55,13.63]','(13.63, Inf]') & X[,6] %in% c('(2.18,3.04]','(3.04, Inf]') & X[,11] %in% c('(0.635,0.857]','(0.857,1.21]','(1.21, Inf]') & X[,13] %in% c('(540,759]','(759,994]','(994, Inf]')","'1'","V1,V6,V11,V13","abl_length"
"wine",1,180,1,0.272,0.68,3,9,0.5,0.473684210526316,"X[,7] %in% c('(1.05,1.91]','(1.91,1.99]','(1.99,2.38]') & X[,12] %in% c('(1.97,2.58]','(2.58,3.64]','(3.64, Inf]') & X[,13] %in% c('(-Inf,540]','(540,759]','(759,994]')","'2'","V7,V12,V13","abl_length"
"wine",1,14,0.96875,0.256,0.941176470588235,2,4,0.333333333333333,0.210526315789474,"X[,7] %in% c('(-Inf,1.05]','(1.05,1.91]') & X[,11] %in% c('(-Inf,0.635]','(0.635,0.857]')","'3'","V7,V11","abl_mod"
"wine",1,15,1,0.328,0.82,2,4,0.333333333333333,0.210526315789474,"X[,1] %in% c('(-Inf,12.14]','(12.14,12.74]') & X[,11] %in% c('(0.857,1.21]','(1.21, Inf]')","'2'","V1,V11","abl_mod"
"wine",1,20,1,0.32,0.8,2,4,0.333333333333333,0.210526315789474,"X[,10] %in% c('(-Inf,3.06]','(3.06,4.05]') & X[,13] %in% c('(-Inf,540]','(540,759]')","'2'","V10,V13","abl_mod"
"wine",1,93,0.976190476190476,0.336,1.02439024390244,4,11,0.666666666666667,0.578947368421053,"X[,1] %in% c('(12.74,13.55]','(13.55,13.63]','(13.63, Inf]') & X[,6] %in% c('(2.18,3.04]','(3.04, Inf]') & X[,11] %in% c('(0.635,0.857]','(0.857,1.21]','(1.21, Inf]') & X[,13] %in% c('(540,759]','(759,994]','(994, Inf]')","'1'","V1,V6,V11,V13","abl_mod"
"wine",1,377,1,0.256,0.64,2,4,0.333333333333333,0.210526315789474,"X[,12] %in% c('(1.97,2.58]','(2.58,3.64]','(3.64, Inf]') & X[,13] %in% c('(-Inf,540]')","'2'","V12,V13","abl_mod"
"wine",1,14,0.96875,0.256,0.941176470588235,2,4,0.333333333333333,0.210526315789474,"X[,7] %in% c('(-Inf,1.05]','(1.05,1.91]') & X[,11] %in% c('(-Inf,0.635]','(0.635,0.857]')","'3'","V7,V11","abl_acc"
"wine",1,61,0.954545454545455,0.352,0.88,4,12,0.666666666666667,0.631578947368421,"X[,6] %in% c('(1.57,2.18]','(2.18,3.04]','(3.04, Inf]') & X[,7] %in% c('(1.05,1.91]','(1.91,1.99]','(1.99,2.38]','(2.38, Inf]') & X[,10] %in% c('(-Inf,3.06]','(3.06,4.05]','(4.05,6.39]') & X[,13] %in% c('(-Inf,540]','(540,759]')","'2'","V6,V7,V10,V13","abl_acc"
"wine",1,74,1,0.352,0.88,2,5,0.333333333333333,0.263157894736842,"X[,1] %in% c('(-Inf,12.14]','(12.14,12.74]') & X[,12] %in% c('(1.97,2.58]','(2.58,3.64]','(3.64, Inf]')","'2'","V1,V12","abl_acc"
"wine",1,93,0.976190476190476,0.336,1.02439024390244,4,11,0.666666666666667,0.578947368421053,"X[,1] %in% c('(12.74,13.55]','(13.55,13.63]','(13.63, Inf]') & X[,6] %in% c('(2.18,3.04]','(3.04, Inf]') & X[,11] %in% c('(0.635,0.857]','(0.857,1.21]','(1.21, Inf]') & X[,13] %in% c('(540,759]','(759,994]','(994, Inf]')","'1'","V1,V6,V11,V13","abl_acc"
"wine",1,74,1,0.352,0.88,2,5,0.333333333333333,0.263157894736842,"X[,1] %in% c('(-Inf,12.14]','(12.14,12.74]') & X[,12] %in% c('(1.97,2.58]','(2.58,3.64]','(3.64, Inf]')","'2'","V1,V12","abl_min_cov"
"wine",1,14,0.96875,0.256,0.941176470588235,2,4,0.333333333333333,0.210526315789474,"X[,7] %in% c('(-Inf,1.05]','(1.05,1.91]') & X[,11] %in% c('(-Inf,0.635]','(0.635,0.857]')","'3'","V7,V11","abl_max_cov"
"wine",1,15,1,0.328,0.82,2,4,0.333333333333333,0.210526315789474,"X[,1] %in% c('(-Inf,12.14]','(12.14,12.74]') & X[,11] %in% c('(0.857,1.21]','(1.21, Inf]')","'2'","V1,V11","abl_max_cov"
"wine",1,20,1,0.32,0.8,2,4,0.333333333333333,0.210526315789474,"X[,10] %in% c('(-Inf,3.06]','(3.06,4.05]') & X[,13] %in% c('(-Inf,540]','(540,759]')","'2'","V10,V13","abl_max_cov"
"wine",1,93,0.976190476190476,0.336,1.02439024390244,4,11,0.666666666666667,0.578947368421053,"X[,1] %in% c('(12.74,13.55]','(13.55,13.63]','(13.63, Inf]') & X[,6] %in% c('(2.18,3.04]','(3.04, Inf]') & X[,11] %in% c('(0.635,0.857]','(0.857,1.21]','(1.21, Inf]') & X[,13] %in% c('(540,759]','(759,994]','(994, Inf]')","'1'","V1,V6,V11,V13","abl_max_cov"
"wine",1,377,1,0.256,0.64,2,4,0.333333333333333,0.210526315789474,"X[,12] %in% c('(1.97,2.58]','(2.58,3.64]','(3.64, Inf]') & X[,13] %in% c('(-Inf,540]')","'2'","V12,V13","abl_max_cov"
"wine",1,14,0.96875,0.256,0.941176470588235,2,4,0.333333333333333,0.210526315789474,"X[,7] %in% c('(-Inf,1.05]','(1.05,1.91]') & X[,11] %in% c('(-Inf,0.635]','(0.635,0.857]')","'3'","V7,V11","abl_overlap"
"wine",1,15,1,0.328,0.82,2,4,0.333333333333333,0.210526315789474,"X[,1] %in% c('(-Inf,12.14]','(12.14,12.74]') & X[,11] %in% c('(0.857,1.21]','(1.21, Inf]')","'2'","V1,V11","abl_overlap"
"wine",1,20,1,0.32,0.8,2,4,0.333333333333333,0.210526315789474,"X[,10] %in% c('(-Inf,3.06]','(3.06,4.05]') & X[,13] %in% c('(-Inf,540]','(540,759]')","'2'","V10,V13","abl_overlap"
"wine",1,93,0.976190476190476,0.336,1.02439024390244,4,11,0.666666666666667,0.578947368421053,"X[,1] %in% c('(12.74,13.55]','(13.55,13.63]','(13.63, Inf]') & X[,6] %in% c('(2.18,3.04]','(3.04, Inf]') & X[,11] %in% c('(0.635,0.857]','(0.857,1.21]','(1.21, Inf]') & X[,13] %in% c('(540,759]','(759,994]','(994, Inf]')","'1'","V1,V6,V11,V13","abl_overlap"
"wine",1,377,1,0.256,0.64,2,4,0.333333333333333,0.210526315789474,"X[,12] %in% c('(1.97,2.58]','(2.58,3.64]','(3.64, Inf]') & X[,13] %in% c('(-Inf,540]')","'2'","V12,V13","abl_overlap"
"wine",1,36,1,0.352,0.88,2,6,0.25,0.315789473684211,"X[,1] %in% c('(-Inf,12.14]','(12.14,12.74]') & X[,7] %in% c('(1.05,1.91]','(1.91,1.99]','(1.99,2.38]','(2.38, Inf]')","'2'","V1,V7","abl_preselect"
"wine",1,42,0.96875,0.256,0.941176470588235,2,4,0.25,0.210526315789474,"X[,7] %in% c('(-Inf,1.05]','(1.05,1.91]') & X[,11] %in% c('(-Inf,0.635]','(0.635,0.857]')","'3'","V7,V11","abl_preselect"
"wine",1,60,1,0.32,0.8,2,4,0.25,0.210526315789474,"X[,10] %in% c('(-Inf,3.06]','(3.06,4.05]') & X[,13] %in% c('(-Inf,540]','(540,759]')","'2'","V10,V13","abl_preselect"
"wine",1,228,0.976190476190476,0.336,1.02439024390244,4,11,0.5,0.578947368421053,"X[,1] %in% c('(12.74,13.55]','(13.55,13.63]','(13.63, Inf]') & X[,6] %in% c('(2.18,3.04]','(3.04, Inf]') & X[,11] %in% c('(0.635,0.857]','(0.857,1.21]','(1.21, Inf]') & X[,13] %in% c('(540,759]','(759,994]','(994, Inf]')","'1'","V1,V6,V11,V13","abl_preselect"
"wine",1,931,1,0.256,0.64,2,4,0.25,0.210526315789474,"X[,12] %in% c('(1.97,2.58]','(2.58,3.64]','(3.64, Inf]') & X[,13] %in% c('(-Inf,540]')","'2'","V12,V13","abl_preselect"
"wine",2,148,1,0.24,0.6,3,9,0.5,0.5,"X[,7] %in% c('(1.05,1.91]','(1.91,1.99]','(1.99,2.38]','(2.38, Inf]') & X[,12] %in% c('(1.44,1.97]','(1.97,2.58]','(2.58,3.64]','(3.64, Inf]') & X[,13] %in% c('(-Inf,540]')","'2'","V7,V12,V13","no_abl"
"wine",2,151,1,0.336,0.84,2,5,0.333333333333333,0.277777777777778,"X[,1] %in% c('(-Inf,12.14]','(12.14,12.74]') & X[,10] %in% c('(-Inf,3.06]','(3.06,4.05]','(4.05,6.39]')","'2'","V1,V10","no_abl"
"wine",2,416,0.944444444444444,0.288,1.05882352941176,2,4,0.333333333333333,0.222222222222222,"X[,7] %in% c('(-Inf,1.05]','(1.05,1.91]') & X[,10] %in% c('(4.05,6.39]','(6.39, Inf]')","'3'","V7,V10","no_abl"
"wine",2,430,1,0.32,0.975609756097561,3,6,0.5,0.333333333333333,"X[,5] %in% c('(83.5,93.8]','(93.8,133]') & X[,6] %in% c('(2.18,3.04]','(3.04, Inf]') & X[,13] %in% c('(759,994]','(994, Inf]')","'1'","V5,V6,V13","no_abl"
"wine",2,148,1,0.24,0.6,3,9,0.5,0.5,"X[,7] %in% c('(1.05,1.91]','(1.91,1.99]','(1.99,2.38]','(2.38, Inf]') & X[,12] %in% c('(1.44,1.97]','(1.97,2.58]','(2.58,3.64]','(3.64, Inf]') & X[,13] %in% c('(-Inf,540]')","'2'","V7,V12,V13","abl_conf"
"wine",2,151,1,0.336,0.84,2,5,0.333333333333333,0.277777777777778,"X[,1] %in% c('(-Inf,12.14]','(12.14,12.74]') & X[,10] %in% c('(-Inf,3.06]','(3.06,4.05]','(4.05,6.39]')","'2'","V1,V10","abl_conf"
"wine",2,416,0.944444444444444,0.288,1.05882352941176,2,4,0.333333333333333,0.222222222222222,"X[,7] %in% c('(-Inf,1.05]','(1.05,1.91]') & X[,10] %in% c('(4.05,6.39]','(6.39, Inf]')","'3'","V7,V10","abl_conf"
"wine",2,430,1,0.32,0.975609756097561,3,6,0.5,0.333333333333333,"X[,5] %in% c('(83.5,93.8]','(93.8,133]') & X[,6] %in% c('(2.18,3.04]','(3.04, Inf]') & X[,13] %in% c('(759,994]','(994, Inf]')","'1'","V5,V6,V13","abl_conf"
"wine",2,151,1,0.336,0.84,2,5,0.333333333333333,0.277777777777778,"X[,1] %in% c('(-Inf,12.14]','(12.14,12.74]') & X[,10] %in% c('(-Inf,3.06]','(3.06,4.05]','(4.05,6.39]')","'2'","V1,V10","abl_supp"
"wine",2,396,1,0.216,0.54,3,8,0.5,0.444444444444444,"X[,3] %in% c('(-Inf,1.87]','(1.87,2.25]') & X[,7] %in% c('(1.05,1.91]','(1.91,1.99]','(1.99,2.38]','(2.38, Inf]') & X[,13] %in% c('(-Inf,540]','(540,759]')","'2'","V3,V7,V13","abl_supp"
"wine",2,416,0.944444444444444,0.288,1.05882352941176,2,4,0.333333333333333,0.222222222222222,"X[,7] %in% c('(-Inf,1.05]','(1.05,1.91]') & X[,10] %in% c('(4.05,6.39]','(6.39, Inf]')","'3'","V7,V10","abl_supp"
"wine",2,430,1,0.32,0.975609756097561,3,6,0.5,0.333333333333333,"X[,5] %in% c('(83.5,93.8]','(93.8,133]') & X[,6] %in% c('(2.18,3.04]','(3.04, Inf]') & X[,13] %in% c('(759,994]','(994, Inf]')","'1'","V5,V6,V13","abl_supp"
"wine",2,148,1,0.24,0.6,3,9,0.5,0.5,"X[,7] %in% c('(1.05,1.91]','(1.91,1.99]','(1.99,2.38]','(2.38, Inf]') & X[,12] %in% c('(1.44,1.97]','(1.97,2.58]','(2.58,3.64]','(3.64, Inf]') & X[,13] %in% c('(-Inf,540]')","'2'","V7,V12,V13","abl_length"
"wine",2,151,1,0.336,0.84,2,5,0.333333333333333,0.277777777777778,"X[,1] %in% c('(-Inf,12.14]','(12.14,12.74]') & X[,10] %in% c('(-Inf,3.06]','(3.06,4.05]','(4.05,6.39]')","'2'","V1,V10","abl_length"
"wine",2,416,0.944444444444444,0.288,1.05882352941176,2,4,0.333333333333333,0.222222222222222,"X[,7] %in% c('(-Inf,1.05]','(1.05,1.91]') & X[,10] %in% c('(4.05,6.39]','(6.39, Inf]')","'3'","V7,V10","abl_length"
"wine",2,430,1,0.32,0.975609756097561,3,6,0.5,0.333333333333333,"X[,5] %in% c('(83.5,93.8]','(93.8,133]') & X[,6] %in% c('(2.18,3.04]','(3.04, Inf]') & X[,13] %in% c('(759,994]','(994, Inf]')","'1'","V5,V6,V13","abl_length"
"wine",2,148,1,0.24,0.6,3,9,0.5,0.5,"X[,7] %in% c('(1.05,1.91]','(1.91,1.99]','(1.99,2.38]','(2.38, Inf]') & X[,12] %in% c('(1.44,1.97]','(1.97,2.58]','(2.58,3.64]','(3.64, Inf]') & X[,13] %in% c('(-Inf,540]')","'2'","V7,V12,V13","abl_mod"
"wine",2,151,1,0.336,0.84,2,5,0.333333333333333,0.277777777777778,"X[,1] %in% c('(-Inf,12.14]','(12.14,12.74]') & X[,10] %in% c('(-Inf,3.06]','(3.06,4.05]','(4.05,6.39]')","'2'","V1,V10","abl_mod"
"wine",2,416,0.944444444444444,0.288,1.05882352941176,2,4,0.333333333333333,0.222222222222222,"X[,7] %in% c('(-Inf,1.05]','(1.05,1.91]') & X[,10] %in% c('(4.05,6.39]','(6.39, Inf]')","'3'","V7,V10","abl_mod"
"wine",2,430,1,0.32,0.975609756097561,3,6,0.5,0.333333333333333,"X[,5] %in% c('(83.5,93.8]','(93.8,133]') & X[,6] %in% c('(2.18,3.04]','(3.04, Inf]') & X[,13] %in% c('(759,994]','(994, Inf]')","'1'","V5,V6,V13","abl_mod"
"wine",2,151,1,0.336,0.84,2,5,0.333333333333333,0.277777777777778,"X[,1] %in% c('(-Inf,12.14]','(12.14,12.74]') & X[,10] %in% c('(-Inf,3.06]','(3.06,4.05]','(4.05,6.39]')","'2'","V1,V10","abl_acc"
"wine",2,160,0.955555555555556,0.36,0.9,2,5,0.333333333333333,0.277777777777778,"X[,10] %in% c('(-Inf,3.06]','(3.06,4.05]') & X[,13] %in% c('(-Inf,540]','(540,759]','(759,994]')","'2'","V10,V13","abl_acc"
"wine",2,416,0.944444444444444,0.288,1.05882352941176,2,4,0.333333333333333,0.222222222222222,"X[,7] %in% c('(-Inf,1.05]','(1.05,1.91]') & X[,10] %in% c('(4.05,6.39]','(6.39, Inf]')","'3'","V7,V10","abl_acc"
"wine",2,430,1,0.32,0.975609756097561,3,6,0.5,0.333333333333333,"X[,5] %in% c('(83.5,93.8]','(93.8,133]') & X[,6] %in% c('(2.18,3.04]','(3.04, Inf]') & X[,13] %in% c('(759,994]','(994, Inf]')","'1'","V5,V6,V13","abl_acc"
"wine",2,151,1,0.336,0.84,2,5,0.333333333333333,0.277777777777778,"X[,1] %in% c('(-Inf,12.14]','(12.14,12.74]') & X[,10] %in% c('(-Inf,3.06]','(3.06,4.05]','(4.05,6.39]')","'2'","V1,V10","abl_min_cov"
"wine",2,148,1,0.24,0.6,3,9,0.5,0.5,"X[,7] %in% c('(1.05,1.91]','(1.91,1.99]','(1.99,2.38]','(2.38, Inf]') & X[,12] %in% c('(1.44,1.97]','(1.97,2.58]','(2.58,3.64]','(3.64, Inf]') & X[,13] %in% c('(-Inf,540]')","'2'","V7,V12,V13","abl_max_cov"
"wine",2,151,1,0.336,0.84,2,5,0.333333333333333,0.277777777777778,"X[,1] %in% c('(-Inf,12.14]','(12.14,12.74]') & X[,10] %in% c('(-Inf,3.06]','(3.06,4.05]','(4.05,6.39]')","'2'","V1,V10","abl_max_cov"
"wine",2,416,0.944444444444444,0.288,1.05882352941176,2,4,0.333333333333333,0.222222222222222,"X[,7] %in% c('(-Inf,1.05]','(1.05,1.91]') & X[,10] %in% c('(4.05,6.39]','(6.39, Inf]')","'3'","V7,V10","abl_max_cov"
"wine",2,430,1,0.32,0.975609756097561,3,6,0.5,0.333333333333333,"X[,5] %in% c('(83.5,93.8]','(93.8,133]') & X[,6] %in% c('(2.18,3.04]','(3.04, Inf]') & X[,13] %in% c('(759,994]','(994, Inf]')","'1'","V5,V6,V13","abl_max_cov"
"wine",2,148,1,0.24,0.6,3,9,0.5,0.5,"X[,7] %in% c('(1.05,1.91]','(1.91,1.99]','(1.99,2.38]','(2.38, Inf]') & X[,12] %in% c('(1.44,1.97]','(1.97,2.58]','(2.58,3.64]','(3.64, Inf]') & X[,13] %in% c('(-Inf,540]')","'2'","V7,V12,V13","abl_overlap"
"wine",2,151,1,0.336,0.84,2,5,0.333333333333333,0.277777777777778,"X[,1] %in% c('(-Inf,12.14]','(12.14,12.74]') & X[,10] %in% c('(-Inf,3.06]','(3.06,4.05]','(4.05,6.39]')","'2'","V1,V10","abl_overlap"
"wine",2,416,0.944444444444444,0.288,1.05882352941176,2,4,0.333333333333333,0.222222222222222,"X[,7] %in% c('(-Inf,1.05]','(1.05,1.91]') & X[,10] %in% c('(4.05,6.39]','(6.39, Inf]')","'3'","V7,V10","abl_overlap"
"wine",2,430,1,0.32,0.975609756097561,3,6,0.5,0.333333333333333,"X[,5] %in% c('(83.5,93.8]','(93.8,133]') & X[,6] %in% c('(2.18,3.04]','(3.04, Inf]') & X[,13] %in% c('(759,994]','(994, Inf]')","'1'","V5,V6,V13","abl_overlap"
"wine",2,335,1,0.24,0.6,3,9,0.428571428571429,0.45,"X[,7] %in% c('(1.05,1.91]','(1.91,1.99]','(1.99,2.38]','(2.38, Inf]') & X[,12] %in% c('(1.44,1.97]','(1.97,2.58]','(2.58,3.64]','(3.64, Inf]') & X[,13] %in% c('(-Inf,540]')","'2'","V7,V12,V13","abl_preselect"
"wine",2,341,1,0.336,0.84,2,5,0.285714285714286,0.25,"X[,1] %in% c('(-Inf,12.14]','(12.14,12.74]') & X[,10] %in% c('(-Inf,3.06]','(3.06,4.05]','(4.05,6.39]')","'2'","V1,V10","abl_preselect"
"wine",2,953,0.944444444444444,0.288,1.05882352941176,2,4,0.285714285714286,0.2,"X[,7] %in% c('(-Inf,1.05]','(1.05,1.91]') & X[,10] %in% c('(4.05,6.39]','(6.39, Inf]')","'3'","V7,V10","abl_preselect"
"wine",2,979,1,0.32,0.975609756097561,3,6,0.428571428571429,0.3,"X[,5] %in% c('(83.5,93.8]','(93.8,133]') & X[,6] %in% c('(2.18,3.04]','(3.04, Inf]') & X[,13] %in% c('(759,994]','(994, Inf]')","'1'","V5,V6,V13","abl_preselect"
"wine",3,1,1,0.32,0.8,2,4,0.333333333333333,0.2,"X[,10] %in% c('(-Inf,3.06]','(3.06,4.05]') & X[,13] %in% c('(-Inf,540]','(540,759]')","'2'","V10,V13","no_abl"
"wine",3,42,1,0.272,0.68,2,4,0.333333333333333,0.2,"X[,1] %in% c('(-Inf,12.14]','(12.14,12.74]') & X[,11] %in% c('(0.857,1.21]','(1.21, Inf]')","'2'","V1,V11","no_abl"
"wine",3,119,1,0.224,0.823529411764706,2,4,0.333333333333333,0.2,"X[,11] %in% c('(-Inf,0.635]','(0.635,0.857]') & X[,12] %in% c('(-Inf,1.44]','(1.44,1.97]')","'3'","V11,V12","no_abl"
"wine",3,313,1,0.328,1,4,11,0.666666666666667,0.55,"X[,1] %in% c('(12.74,13.55]','(13.55,13.63]','(13.63, Inf]') & X[,5] %in% c('(83.5,93.8]','(93.8,133]') & X[,7] %in% c('(1.91,1.99]','(1.99,2.38]','(2.38, Inf]') & X[,13] %in% c('(540,759]','(759,994]','(994, Inf]')","'1'","V1,V5,V7,V13","no_abl"
"wine",3,327,0.96875,0.256,0.941176470588235,3,8,0.5,0.4,"X[,2] %in% c('(1.84,2.98]','(2.98,4.62]','(4.62, Inf]') & X[,10] %in% c('(4.05,6.39]','(6.39, Inf]') & X[,12] %in% c('(-Inf,1.44]','(1.44,1.97]','(1.97,2.58]')","'3'","V2,V10,V12","no_abl"
"wine",3,1,1,0.32,0.8,2,4,0.333333333333333,0.2,"X[,10] %in% c('(-Inf,3.06]','(3.06,4.05]') & X[,13] %in% c('(-Inf,540]','(540,759]')","'2'","V10,V13","abl_conf"
"wine",3,174,0.95,0.32,0.8,2,5,0.333333333333333,0.25,"X[,1] %in% c('(-Inf,12.14]','(12.14,12.74]') & X[,8] %in% c('(-Inf,0.219]','(0.219,0.384]','(0.384,0.55]')","'2'","V1,V8","abl_conf"
"wine",3,307,0.967741935483871,0.248,0.911764705882353,3,7,0.5,0.35,"X[,7] %in% c('(-Inf,1.05]','(1.05,1.91]','(1.99,2.38]') & X[,10] %in% c('(4.05,6.39]','(6.39, Inf]') & X[,11] %in% c('(-Inf,0.635]','(0.635,0.857]')","'3'","V7,V10,V11","abl_conf"
"wine",3,313,1,0.328,1,4,11,0.666666666666667,0.55,"X[,1] %in% c('(12.74,13.55]','(13.55,13.63]','(13.63, Inf]') & X[,5] %in% c('(83.5,93.8]','(93.8,133]') & X[,7] %in% c('(1.91,1.99]','(1.99,2.38]','(2.38, Inf]') & X[,13] %in% c('(540,759]','(759,994]','(994, Inf]')","'1'","V1,V5,V7,V13","abl_conf"
"wine",3,327,0.96875,0.256,0.941176470588235,3,8,0.5,0.4,"X[,2] %in% c('(1.84,2.98]','(2.98,4.62]','(4.62, Inf]') & X[,10] %in% c('(4.05,6.39]','(6.39, Inf]') & X[,12] %in% c('(-Inf,1.44]','(1.44,1.97]','(1.97,2.58]')","'3'","V2,V10,V12","abl_conf"
"wine",3,1,1,0.32,0.8,2,4,0.333333333333333,0.2,"X[,10] %in% c('(-Inf,3.06]','(3.06,4.05]') & X[,13] %in% c('(-Inf,540]','(540,759]')","'2'","V10,V13","abl_supp"
"wine",3,42,1,0.272,0.68,2,4,0.333333333333333,0.2,"X[,1] %in% c('(-Inf,12.14]','(12.14,12.74]') & X[,11] %in% c('(0.857,1.21]','(1.21, Inf]')","'2'","V1,V11","abl_supp"
"wine",3,119,1,0.224,0.823529411764706,2,4,0.333333333333333,0.2,"X[,11] %in% c('(-Inf,0.635]','(0.635,0.857]') & X[,12] %in% c('(-Inf,1.44]','(1.44,1.97]')","'3'","V11,V12","abl_supp"
"wine",3,313,1,0.328,1,4,11,0.666666666666667,0.55,"X[,1] %in% c('(12.74,13.55]','(13.55,13.63]','(13.63, Inf]') & X[,5] %in% c('(83.5,93.8]','(93.8,133]') & X[,7] %in% c('(1.91,1.99]','(1.99,2.38]','(2.38, Inf]') & X[,13] %in% c('(540,759]','(759,994]','(994, Inf]')","'1'","V1,V5,V7,V13","abl_supp"
"wine",3,327,0.96875,0.256,0.941176470588235,3,8,0.5,0.4,"X[,2] %in% c('(1.84,2.98]','(2.98,4.62]','(4.62, Inf]') & X[,10] %in% c('(4.05,6.39]','(6.39, Inf]') & X[,12] %in% c('(-Inf,1.44]','(1.44,1.97]','(1.97,2.58]')","'3'","V2,V10,V12","abl_supp"
"wine",3,1,1,0.32,0.8,2,4,0.333333333333333,0.2,"X[,10] %in% c('(-Inf,3.06]','(3.06,4.05]') & X[,13] %in% c('(-Inf,540]','(540,759]')","'2'","V10,V13","abl_length"
"wine",3,42,1,0.272,0.68,2,4,0.333333333333333,0.2,"X[,1] %in% c('(-Inf,12.14]','(12.14,12.74]') & X[,11] %in% c('(0.857,1.21]','(1.21, Inf]')","'2'","V1,V11","abl_length"
"wine",3,119,1,0.224,0.823529411764706,2,4,0.333333333333333,0.2,"X[,11] %in% c('(-Inf,0.635]','(0.635,0.857]') & X[,12] %in% c('(-Inf,1.44]','(1.44,1.97]')","'3'","V11,V12","abl_length"
"wine",3,313,1,0.328,1,4,11,0.666666666666667,0.55,"X[,1] %in% c('(12.74,13.55]','(13.55,13.63]','(13.63, Inf]') & X[,5] %in% c('(83.5,93.8]','(93.8,133]') & X[,7] %in% c('(1.91,1.99]','(1.99,2.38]','(2.38, Inf]') & X[,13] %in% c('(540,759]','(759,994]','(994, Inf]')","'1'","V1,V5,V7,V13","abl_length"
"wine",3,327,0.96875,0.256,0.941176470588235,3,8,0.5,0.4,"X[,2] %in% c('(1.84,2.98]','(2.98,4.62]','(4.62, Inf]') & X[,10] %in% c('(4.05,6.39]','(6.39, Inf]') & X[,12] %in% c('(-Inf,1.44]','(1.44,1.97]','(1.97,2.58]')","'3'","V2,V10,V12","abl_length"
"wine",3,1,1,0.32,0.8,2,4,0.333333333333333,0.2,"X[,10] %in% c('(-Inf,3.06]','(3.06,4.05]') & X[,13] %in% c('(-Inf,540]','(540,759]')","'2'","V10,V13","abl_mod"
"wine",3,42,1,0.272,0.68,2,4,0.333333333333333,0.2,"X[,1] %in% c('(-Inf,12.14]','(12.14,12.74]') & X[,11] %in% c('(0.857,1.21]','(1.21, Inf]')","'2'","V1,V11","abl_mod"
"wine",3,119,1,0.224,0.823529411764706,2,4,0.333333333333333,0.2,"X[,11] %in% c('(-Inf,0.635]','(0.635,0.857]') & X[,12] %in% c('(-Inf,1.44]','(1.44,1.97]')","'3'","V11,V12","abl_mod"
"wine",3,313,1,0.328,1,4,11,0.666666666666667,0.55,"X[,1] %in% c('(12.74,13.55]','(13.55,13.63]','(13.63, Inf]') & X[,5] %in% c('(83.5,93.8]','(93.8,133]') & X[,7] %in% c('(1.91,1.99]','(1.99,2.38]','(2.38, Inf]') & X[,13] %in% c('(540,759]','(759,994]','(994, Inf]')","'1'","V1,V5,V7,V13","abl_mod"
"wine",3,327,0.96875,0.256,0.941176470588235,3,8,0.5,0.4,"X[,2] %in% c('(1.84,2.98]','(2.98,4.62]','(4.62, Inf]') & X[,10] %in% c('(4.05,6.39]','(6.39, Inf]') & X[,12] %in% c('(-Inf,1.44]','(1.44,1.97]','(1.97,2.58]')","'3'","V2,V10,V12","abl_mod"
"wine",3,42,1,0.272,0.68,2,4,0.333333333333333,0.2,"X[,1] %in% c('(-Inf,12.14]','(12.14,12.74]') & X[,11] %in% c('(0.857,1.21]','(1.21, Inf]')","'2'","V1,V11","abl_acc"
"wine",3,135,0.909090909090909,0.352,1.07317073170732,3,8,0.5,0.4,"X[,1] %in% c('(12.74,13.55]','(13.55,13.63]','(13.63, Inf]') & X[,6] %in% c('(-Inf,1.57]','(2.18,3.04]','(3.04, Inf]') & X[,11] %in% c('(0.857,1.21]','(1.21, Inf]')","'1'","V1,V6,V11","abl_acc"
"wine",3,327,0.96875,0.256,0.941176470588235,3,8,0.5,0.4,"X[,2] %in% c('(1.84,2.98]','(2.98,4.62]','(4.62, Inf]') & X[,10] %in% c('(4.05,6.39]','(6.39, Inf]') & X[,12] %in% c('(-Inf,1.44]','(1.44,1.97]','(1.97,2.58]')","'3'","V2,V10,V12","abl_acc"
"wine",3,338,0.954545454545455,0.352,0.88,3,9,0.5,0.45,"X[,7] %in% c('(1.05,1.91]','(1.91,1.99]','(1.99,2.38]','(2.38, Inf]') & X[,12] %in% c('(1.97,2.58]','(2.58,3.64]','(3.64, Inf]') & X[,13] %in% c('(-Inf,540]','(540,759]')","'2'","V7,V12,V13","abl_acc"
"wine",3,1,1,0.32,0.8,2,4,0.333333333333333,0.2,"X[,10] %in% c('(-Inf,3.06]','(3.06,4.05]') & X[,13] %in% c('(-Inf,540]','(540,759]')","'2'","V10,V13","abl_min_cov"
"wine",3,1,1,0.32,0.8,2,4,0.333333333333333,0.2,"X[,10] %in% c('(-Inf,3.06]','(3.06,4.05]') & X[,13] %in% c('(-Inf,540]','(540,759]')","'2'","V10,V13","abl_max_cov"
"wine",3,42,1,0.272,0.68,2,4,0.333333333333333,0.2,"X[,1] %in% c('(-Inf,12.14]','(12.14,12.74]') & X[,11] %in% c('(0.857,1.21]','(1.21, Inf]')","'2'","V1,V11","abl_max_cov"
"wine",3,119,1,0.224,0.823529411764706,2,4,0.333333333333333,0.2,"X[,11] %in% c('(-Inf,0.635]','(0.635,0.857]') & X[,12] %in% c('(-Inf,1.44]','(1.44,1.97]')","'3'","V11,V12","abl_max_cov"
"wine",3,313,1,0.328,1,4,11,0.666666666666667,0.55,"X[,1] %in% c('(12.74,13.55]','(13.55,13.63]','(13.63, Inf]') & X[,5] %in% c('(83.5,93.8]','(93.8,133]') & X[,7] %in% c('(1.91,1.99]','(1.99,2.38]','(2.38, Inf]') & X[,13] %in% c('(540,759]','(759,994]','(994, Inf]')","'1'","V1,V5,V7,V13","abl_max_cov"
"wine",3,327,0.96875,0.256,0.941176470588235,3,8,0.5,0.4,"X[,2] %in% c('(1.84,2.98]','(2.98,4.62]','(4.62, Inf]') & X[,10] %in% c('(4.05,6.39]','(6.39, Inf]') & X[,12] %in% c('(-Inf,1.44]','(1.44,1.97]','(1.97,2.58]')","'3'","V2,V10,V12","abl_max_cov"
"wine",3,1,1,0.32,0.8,2,4,0.333333333333333,0.2,"X[,10] %in% c('(-Inf,3.06]','(3.06,4.05]') & X[,13] %in% c('(-Inf,540]','(540,759]')","'2'","V10,V13","abl_overlap"
"wine",3,42,1,0.272,0.68,2,4,0.333333333333333,0.2,"X[,1] %in% c('(-Inf,12.14]','(12.14,12.74]') & X[,11] %in% c('(0.857,1.21]','(1.21, Inf]')","'2'","V1,V11","abl_overlap"
"wine",3,119,1,0.224,0.823529411764706,2,4,0.333333333333333,0.2,"X[,11] %in% c('(-Inf,0.635]','(0.635,0.857]') & X[,12] %in% c('(-Inf,1.44]','(1.44,1.97]')","'3'","V11,V12","abl_overlap"
"wine",3,313,1,0.328,1,4,11,0.666666666666667,0.55,"X[,1] %in% c('(12.74,13.55]','(13.55,13.63]','(13.63, Inf]') & X[,5] %in% c('(83.5,93.8]','(93.8,133]') & X[,7] %in% c('(1.91,1.99]','(1.99,2.38]','(2.38, Inf]') & X[,13] %in% c('(540,759]','(759,994]','(994, Inf]')","'1'","V1,V5,V7,V13","abl_overlap"
"wine",3,327,0.96875,0.256,0.941176470588235,3,8,0.5,0.4,"X[,2] %in% c('(1.84,2.98]','(2.98,4.62]','(4.62, Inf]') & X[,10] %in% c('(4.05,6.39]','(6.39, Inf]') & X[,12] %in% c('(-Inf,1.44]','(1.44,1.97]','(1.97,2.58]')","'3'","V2,V10,V12","abl_overlap"
"wine",3,1,1,0.32,0.8,2,4,0.25,0.173913043478261,"X[,10] %in% c('(-Inf,3.06]','(3.06,4.05]') & X[,13] %in% c('(-Inf,540]','(540,759]')","'2'","V10,V13","abl_preselect"
"wine",3,77,1,0.272,0.68,2,4,0.25,0.173913043478261,"X[,1] %in% c('(-Inf,12.14]','(12.14,12.74]') & X[,11] %in% c('(0.857,1.21]','(1.21, Inf]')","'2'","V1,V11","abl_preselect"
"wine",3,264,1,0.224,0.823529411764706,2,4,0.25,0.173913043478261,"X[,11] %in% c('(-Inf,0.635]','(0.635,0.857]') & X[,12] %in% c('(-Inf,1.44]','(1.44,1.97]')","'3'","V11,V12","abl_preselect"
"wine",3,703,1,0.328,1,4,11,0.5,0.478260869565217,"X[,1] %in% c('(12.74,13.55]','(13.55,13.63]','(13.63, Inf]') & X[,5] %in% c('(83.5,93.8]','(93.8,133]') & X[,7] %in% c('(1.91,1.99]','(1.99,2.38]','(2.38, Inf]') & X[,13] %in% c('(540,759]','(759,994]','(994, Inf]')","'1'","V1,V5,V7,V13","abl_preselect"
"wine",3,739,0.96875,0.256,0.941176470588235,3,8,0.375,0.347826086956522,"X[,2] %in% c('(1.84,2.98]','(2.98,4.62]','(4.62, Inf]') & X[,10] %in% c('(4.05,6.39]','(6.39, Inf]') & X[,12] %in% c('(-Inf,1.44]','(1.44,1.97]','(1.97,2.58]')","'3'","V2,V10,V12","abl_preselect"
"wine",4,39,1,0.232,0.852941176470588,2,4,0.333333333333333,0.210526315789474,"X[,11] %in% c('(-Inf,0.635]','(0.635,0.857]') & X[,12] %in% c('(-Inf,1.44]','(1.44,1.97]')","'3'","V11,V12","no_abl"
"wine",4,87,1,0.312,0.951219512195122,3,8,0.5,0.421052631578947,"X[,5] %in% c('(83.5,93.8]','(93.8,133]') & X[,12] %in% c('(-Inf,1.44]','(1.97,2.58]','(2.58,3.64]','(3.64, Inf]') & X[,13] %in% c('(759,994]','(994, Inf]')","'1'","V5,V12,V13","no_abl"
"wine",4,187,1,0.192,0.48,4,12,0.666666666666667,0.631578947368421,"X[,4] %in% c('(-Inf,15.8]','(18.7,22.1]','(22.1,25.9]','(25.9, Inf]') & X[,9] %in% c('(-Inf,0.526]','(1.39,2.88]','(2.88, Inf]') & X[,10] %in% c('(-Inf,3.06]','(3.06,4.05]') & X[,12] %in% c('(1.44,1.97]','(1.97,2.58]','(2.58,3.64]')","'2'","V4,V9,V10,V12","no_abl"
"wine",4,278,0.976744186046512,0.344,0.86,3,8,0.5,0.421052631578947,"X[,7] %in% c('(1.05,1.91]','(1.91,1.99]','(1.99,2.38]','(2.38, Inf]') & X[,11] %in% c('(0.857,1.21]','(1.21, Inf]') & X[,13] %in% c('(-Inf,540]','(540,759]')","'2'","V7,V11,V13","no_abl"
"wine",4,410,1,0.216,0.794117647058823,2,4,0.333333333333333,0.210526315789474,"X[,7] %in% c('(-Inf,1.05]') & X[,10] %in% c('(3.06,4.05]','(4.05,6.39]','(6.39, Inf]')","'3'","V7,V10","no_abl"
"wine",4,39,1,0.232,0.852941176470588,2,4,0.333333333333333,0.210526315789474,"X[,11] %in% c('(-Inf,0.635]','(0.635,0.857]') & X[,12] %in% c('(-Inf,1.44]','(1.44,1.97]')","'3'","V11,V12","abl_conf"
"wine",4,187,1,0.192,0.48,4,12,0.666666666666667,0.631578947368421,"X[,4] %in% c('(-Inf,15.8]','(18.7,22.1]','(22.1,25.9]','(25.9, Inf]') & X[,9] %in% c('(-Inf,0.526]','(1.39,2.88]','(2.88, Inf]') & X[,10] %in% c('(-Inf,3.06]','(3.06,4.05]') & X[,12] %in% c('(1.44,1.97]','(1.97,2.58]','(2.58,3.64]')","'2'","V4,V9,V10,V12","abl_conf"
"wine",4,234,0.928571428571429,0.336,1.02439024390244,3,8,0.5,0.421052631578947,"X[,1] %in% c('(-Inf,12.14]','(12.74,13.55]','(13.55,13.63]','(13.63, Inf]') & X[,5] %in% c('(83.5,93.8]','(93.8,133]') & X[,13] %in% c('(759,994]','(994, Inf]')","'1'","V1,V5,V13","abl_conf"
"wine",4,278,0.976744186046512,0.344,0.86,3,8,0.5,0.421052631578947,"X[,7] %in% c('(1.05,1.91]','(1.91,1.99]','(1.99,2.38]','(2.38, Inf]') & X[,11] %in% c('(0.857,1.21]','(1.21, Inf]') & X[,13] %in% c('(-Inf,540]','(540,759]')","'2'","V7,V11,V13","abl_conf"
"wine",4,410,1,0.216,0.794117647058823,2,4,0.333333333333333,0.210526315789474,"X[,7] %in% c('(-Inf,1.05]') & X[,10] %in% c('(3.06,4.05]','(4.05,6.39]','(6.39, Inf]')","'3'","V7,V10","abl_conf"
"wine",4,39,1,0.232,0.852941176470588,2,4,0.333333333333333,0.210526315789474,"X[,11] %in% c('(-Inf,0.635]','(0.635,0.857]') & X[,12] %in% c('(-Inf,1.44]','(1.44,1.97]')","'3'","V11,V12","abl_supp"
"wine",4,87,1,0.312,0.951219512195122,3,8,0.5,0.421052631578947,"X[,5] %in% c('(83.5,93.8]','(93.8,133]') & X[,12] %in% c('(-Inf,1.44]','(1.97,2.58]','(2.58,3.64]','(3.64, Inf]') & X[,13] %in% c('(759,994]','(994, Inf]')","'1'","V5,V12,V13","abl_supp"
"wine",4,187,1,0.192,0.48,4,12,0.666666666666667,0.631578947368421,"X[,4] %in% c('(-Inf,15.8]','(18.7,22.1]','(22.1,25.9]','(25.9, Inf]') & X[,9] %in% c('(-Inf,0.526]','(1.39,2.88]','(2.88, Inf]') & X[,10] %in% c('(-Inf,3.06]','(3.06,4.05]') & X[,12] %in% c('(1.44,1.97]','(1.97,2.58]','(2.58,3.64]')","'2'","V4,V9,V10,V12","abl_supp"
"wine",4,278,0.976744186046512,0.344,0.86,3,8,0.5,0.421052631578947,"X[,7] %in% c('(1.05,1.91]','(1.91,1.99]','(1.99,2.38]','(2.38, Inf]') & X[,11] %in% c('(0.857,1.21]','(1.21, Inf]') & X[,13] %in% c('(-Inf,540]','(540,759]')","'2'","V7,V11,V13","abl_supp"
"wine",4,410,1,0.216,0.794117647058823,2,4,0.333333333333333,0.210526315789474,"X[,7] %in% c('(-Inf,1.05]') & X[,10] %in% c('(3.06,4.05]','(4.05,6.39]','(6.39, Inf]')","'3'","V7,V10","abl_supp"
"wine",4,39,1,0.232,0.852941176470588,2,4,0.333333333333333,0.210526315789474,"X[,11] %in% c('(-Inf,0.635]','(0.635,0.857]') & X[,12] %in% c('(-Inf,1.44]','(1.44,1.97]')","'3'","V11,V12","abl_length"
"wine",4,87,1,0.312,0.951219512195122,3,8,0.5,0.421052631578947,"X[,5] %in% c('(83.5,93.8]','(93.8,133]') & X[,12] %in% c('(-Inf,1.44]','(1.97,2.58]','(2.58,3.64]','(3.64, Inf]') & X[,13] %in% c('(759,994]','(994, Inf]')","'1'","V5,V12,V13","abl_length"
"wine",4,187,1,0.192,0.48,4,12,0.666666666666667,0.631578947368421,"X[,4] %in% c('(-Inf,15.8]','(18.7,22.1]','(22.1,25.9]','(25.9, Inf]') & X[,9] %in% c('(-Inf,0.526]','(1.39,2.88]','(2.88, Inf]') & X[,10] %in% c('(-Inf,3.06]','(3.06,4.05]') & X[,12] %in% c('(1.44,1.97]','(1.97,2.58]','(2.58,3.64]')","'2'","V4,V9,V10,V12","abl_length"
"wine",4,278,0.976744186046512,0.344,0.86,3,8,0.5,0.421052631578947,"X[,7] %in% c('(1.05,1.91]','(1.91,1.99]','(1.99,2.38]','(2.38, Inf]') & X[,11] %in% c('(0.857,1.21]','(1.21, Inf]') & X[,13] %in% c('(-Inf,540]','(540,759]')","'2'","V7,V11,V13","abl_length"
"wine",4,346,1,0.232,0.852941176470588,3,8,0.5,0.421052631578947,"X[,2] %in% c('(1.43,1.84]','(1.84,2.98]','(2.98,4.62]','(4.62, Inf]') & X[,7] %in% c('(-Inf,1.05]','(1.05,1.91]') & X[,10] %in% c('(4.05,6.39]','(6.39, Inf]')","'3'","V2,V7,V10","abl_length"
"wine",4,39,1,0.232,0.852941176470588,2,4,0.333333333333333,0.210526315789474,"X[,11] %in% c('(-Inf,0.635]','(0.635,0.857]') & X[,12] %in% c('(-Inf,1.44]','(1.44,1.97]')","'3'","V11,V12","abl_mod"
"wine",4,87,1,0.312,0.951219512195122,3,8,0.5,0.421052631578947,"X[,5] %in% c('(83.5,93.8]','(93.8,133]') & X[,12] %in% c('(-Inf,1.44]','(1.97,2.58]','(2.58,3.64]','(3.64, Inf]') & X[,13] %in% c('(759,994]','(994, Inf]')","'1'","V5,V12,V13","abl_mod"
"wine",4,187,1,0.192,0.48,4,12,0.666666666666667,0.631578947368421,"X[,4] %in% c('(-Inf,15.8]','(18.7,22.1]','(22.1,25.9]','(25.9, Inf]') & X[,9] %in% c('(-Inf,0.526]','(1.39,2.88]','(2.88, Inf]') & X[,10] %in% c('(-Inf,3.06]','(3.06,4.05]') & X[,12] %in% c('(1.44,1.97]','(1.97,2.58]','(2.58,3.64]')","'2'","V4,V9,V10,V12","abl_mod"
"wine",4,278,0.976744186046512,0.344,0.86,3,8,0.5,0.421052631578947,"X[,7] %in% c('(1.05,1.91]','(1.91,1.99]','(1.99,2.38]','(2.38, Inf]') & X[,11] %in% c('(0.857,1.21]','(1.21, Inf]') & X[,13] %in% c('(-Inf,540]','(540,759]')","'2'","V7,V11,V13","abl_mod"
"wine",4,410,1,0.216,0.794117647058823,2,4,0.333333333333333,0.210526315789474,"X[,7] %in% c('(-Inf,1.05]') & X[,10] %in% c('(3.06,4.05]','(4.05,6.39]','(6.39, Inf]')","'3'","V7,V10","abl_mod"
"wine",4,39,1,0.232,0.852941176470588,2,4,0.333333333333333,0.210526315789474,"X[,11] %in% c('(-Inf,0.635]','(0.635,0.857]') & X[,12] %in% c('(-Inf,1.44]','(1.44,1.97]')","'3'","V11,V12","abl_acc"
"wine",4,87,1,0.312,0.951219512195122,3,8,0.5,0.421052631578947,"X[,5] %in% c('(83.5,93.8]','(93.8,133]') & X[,12] %in% c('(-Inf,1.44]','(1.97,2.58]','(2.58,3.64]','(3.64, Inf]') & X[,13] %in% c('(759,994]','(994, Inf]')","'1'","V5,V12,V13","abl_acc"
"wine",4,192,0.882352941176471,0.408,1.02,3,8,0.5,0.421052631578947,"X[,1] %in% c('(-Inf,12.14]','(12.14,12.74]','(12.74,13.55]') & X[,11] %in% c('(0.857,1.21]','(1.21, Inf]') & X[,13] %in% c('(-Inf,540]','(540,759]','(759,994]')","'2'","V1,V11,V13","abl_acc"
"wine",4,325,0.916666666666667,0.384,0.96,3,9,0.5,0.473684210526316,"X[,6] %in% c('(1.57,2.18]','(2.18,3.04]','(3.04, Inf]') & X[,7] %in% c('(1.05,1.91]','(1.91,1.99]','(1.99,2.38]','(2.38, Inf]') & X[,13] %in% c('(-Inf,540]','(540,759]')","'2'","V6,V7,V13","abl_acc"
"wine",4,195,1,0.32,0.8,2,4,0.333333333333333,0.210526315789474,"X[,1] %in% c('(-Inf,12.14]','(12.14,12.74]') & X[,11] %in% c('(0.857,1.21]','(1.21, Inf]')","'2'","V1,V11","abl_min_cov"
"wine",4,39,1,0.232,0.852941176470588,2,4,0.333333333333333,0.210526315789474,"X[,11] %in% c('(-Inf,0.635]','(0.635,0.857]') & X[,12] %in% c('(-Inf,1.44]','(1.44,1.97]')","'3'","V11,V12","abl_max_cov"
"wine",4,87,1,0.312,0.951219512195122,3,8,0.5,0.421052631578947,"X[,5] %in% c('(83.5,93.8]','(93.8,133]') & X[,12] %in% c('(-Inf,1.44]','(1.97,2.58]','(2.58,3.64]','(3.64, Inf]') & X[,13] %in% c('(759,994]','(994, Inf]')","'1'","V5,V12,V13","abl_max_cov"
"wine",4,187,1,0.192,0.48,4,12,0.666666666666667,0.631578947368421,"X[,4] %in% c('(-Inf,15.8]','(18.7,22.1]','(22.1,25.9]','(25.9, Inf]') & X[,9] %in% c('(-Inf,0.526]','(1.39,2.88]','(2.88, Inf]') & X[,10] %in% c('(-Inf,3.06]','(3.06,4.05]') & X[,12] %in% c('(1.44,1.97]','(1.97,2.58]','(2.58,3.64]')","'2'","V4,V9,V10,V12","abl_max_cov"
"wine",4,278,0.976744186046512,0.344,0.86,3,8,0.5,0.421052631578947,"X[,7] %in% c('(1.05,1.91]','(1.91,1.99]','(1.99,2.38]','(2.38, Inf]') & X[,11] %in% c('(0.857,1.21]','(1.21, Inf]') & X[,13] %in% c('(-Inf,540]','(540,759]')","'2'","V7,V11,V13","abl_max_cov"
"wine",4,410,1,0.216,0.794117647058823,2,4,0.333333333333333,0.210526315789474,"X[,7] %in% c('(-Inf,1.05]') & X[,10] %in% c('(3.06,4.05]','(4.05,6.39]','(6.39, Inf]')","'3'","V7,V10","abl_max_cov"
"wine",4,39,1,0.232,0.852941176470588,2,4,0.333333333333333,0.210526315789474,"X[,11] %in% c('(-Inf,0.635]','(0.635,0.857]') & X[,12] %in% c('(-Inf,1.44]','(1.44,1.97]')","'3'","V11,V12","abl_overlap"
"wine",4,87,1,0.312,0.951219512195122,3,8,0.5,0.421052631578947,"X[,5] %in% c('(83.5,93.8]','(93.8,133]') & X[,12] %in% c('(-Inf,1.44]','(1.97,2.58]','(2.58,3.64]','(3.64, Inf]') & X[,13] %in% c('(759,994]','(994, Inf]')","'1'","V5,V12,V13","abl_overlap"
"wine",4,187,1,0.192,0.48,4,12,0.666666666666667,0.631578947368421,"X[,4] %in% c('(-Inf,15.8]','(18.7,22.1]','(22.1,25.9]','(25.9, Inf]') & X[,9] %in% c('(-Inf,0.526]','(1.39,2.88]','(2.88, Inf]') & X[,10] %in% c('(-Inf,3.06]','(3.06,4.05]') & X[,12] %in% c('(1.44,1.97]','(1.97,2.58]','(2.58,3.64]')","'2'","V4,V9,V10,V12","abl_overlap"
"wine",4,278,0.976744186046512,0.344,0.86,3,8,0.5,0.421052631578947,"X[,7] %in% c('(1.05,1.91]','(1.91,1.99]','(1.99,2.38]','(2.38, Inf]') & X[,11] %in% c('(0.857,1.21]','(1.21, Inf]') & X[,13] %in% c('(-Inf,540]','(540,759]')","'2'","V7,V11,V13","abl_overlap"
"wine",4,410,1,0.216,0.794117647058823,2,4,0.333333333333333,0.210526315789474,"X[,7] %in% c('(-Inf,1.05]') & X[,10] %in% c('(3.06,4.05]','(4.05,6.39]','(6.39, Inf]')","'3'","V7,V10","abl_overlap"
"wine",4,78,1,0.232,0.852941176470588,2,4,0.285714285714286,0.210526315789474,"X[,11] %in% c('(-Inf,0.635]','(0.635,0.857]') & X[,12] %in% c('(-Inf,1.44]','(1.44,1.97]')","'3'","V11,V12","abl_preselect"
"wine",4,186,1,0.312,0.951219512195122,3,8,0.428571428571429,0.421052631578947,"X[,5] %in% c('(83.5,93.8]','(93.8,133]') & X[,12] %in% c('(-Inf,1.44]','(1.97,2.58]','(2.58,3.64]','(3.64, Inf]') & X[,13] %in% c('(759,994]','(994, Inf]')","'1'","V5,V12,V13","abl_preselect"
"wine",4,554,0.975609756097561,0.328,0.82,2,4,0.285714285714286,0.210526315789474,"X[,10] %in% c('(-Inf,3.06]','(3.06,4.05]') & X[,13] %in% c('(-Inf,540]','(540,759]')","'2'","V10,V13","abl_preselect"
"wine",4,637,0.976744186046512,0.344,0.86,3,8,0.428571428571429,0.421052631578947,"X[,7] %in% c('(1.05,1.91]','(1.91,1.99]','(1.99,2.38]','(2.38, Inf]') & X[,11] %in% c('(0.857,1.21]','(1.21, Inf]') & X[,13] %in% c('(-Inf,540]','(540,759]')","'2'","V7,V11,V13","abl_preselect"
"wine",4,925,1,0.216,0.794117647058823,2,4,0.285714285714286,0.210526315789474,"X[,7] %in% c('(-Inf,1.05]') & X[,10] %in% c('(3.06,4.05]','(4.05,6.39]','(6.39, Inf]')","'3'","V7,V10","abl_preselect"
"wine",5,38,1,0.32,0.8,3,10,0.5,0.555555555555556,"X[,1] %in% c('(-Inf,12.14]','(12.14,12.74]') & X[,7] %in% c('(1.05,1.91]','(1.91,1.99]','(1.99,2.38]','(2.38, Inf]') & X[,12] %in% c('(1.44,1.97]','(1.97,2.58]','(2.58,3.64]','(3.64, Inf]')","'2'","V1,V7,V12","no_abl"
"wine",5,110,1,0.312,0.78,3,8,0.5,0.444444444444444,"X[,7] %in% c('(1.05,1.91]','(1.91,1.99]','(1.99,2.38]','(2.38, Inf]') & X[,11] %in% c('(0.857,1.21]','(1.21, Inf]') & X[,13] %in% c('(-Inf,540]','(540,759]')","'2'","V7,V11,V13","no_abl"
"wine",5,150,1,0.328,1,4,11,0.666666666666667,0.611111111111111,"X[,1] %in% c('(12.74,13.55]','(13.55,13.63]','(13.63, Inf]') & X[,6] %in% c('(2.18,3.04]','(3.04, Inf]') & X[,7] %in% c('(1.91,1.99]','(1.99,2.38]','(2.38, Inf]') & X[,13] %in% c('(540,759]','(759,994]','(994, Inf]')","'1'","V1,V6,V7,V13","no_abl"
"wine",5,278,1,0.32,0.8,3,8,0.5,0.444444444444444,"X[,10] %in% c('(-Inf,3.06]','(3.06,4.05]') & X[,12] %in% c('(1.44,1.97]','(1.97,2.58]','(2.58,3.64]','(3.64, Inf]') & X[,13] %in% c('(-Inf,540]','(540,759]')","'2'","V10,V12,V13","no_abl"
"wine",5,462,0.941176470588235,0.272,1,2,4,0.333333333333333,0.222222222222222,"X[,7] %in% c('(-Inf,1.05]','(1.05,1.91]') & X[,10] %in% c('(4.05,6.39]','(6.39, Inf]')","'3'","V7,V10","no_abl"
"wine",5,38,1,0.32,0.8,3,10,0.5,0.555555555555556,"X[,1] %in% c('(-Inf,12.14]','(12.14,12.74]') & X[,7] %in% c('(1.05,1.91]','(1.91,1.99]','(1.99,2.38]','(2.38, Inf]') & X[,12] %in% c('(1.44,1.97]','(1.97,2.58]','(2.58,3.64]','(3.64, Inf]')","'2'","V1,V7,V12","abl_conf"
"wine",5,110,1,0.312,0.78,3,8,0.5,0.444444444444444,"X[,7] %in% c('(1.05,1.91]','(1.91,1.99]','(1.99,2.38]','(2.38, Inf]') & X[,11] %in% c('(0.857,1.21]','(1.21, Inf]') & X[,13] %in% c('(-Inf,540]','(540,759]')","'2'","V7,V11,V13","abl_conf"
"wine",5,150,1,0.328,1,4,11,0.666666666666667,0.611111111111111,"X[,1] %in% c('(12.74,13.55]','(13.55,13.63]','(13.63, Inf]') & X[,6] %in% c('(2.18,3.04]','(3.04, Inf]') & X[,7] %in% c('(1.91,1.99]','(1.99,2.38]','(2.38, Inf]') & X[,13] %in% c('(540,759]','(759,994]','(994, Inf]')","'1'","V1,V6,V7,V13","abl_conf"
"wine",5,278,1,0.32,0.8,3,8,0.5,0.444444444444444,"X[,10] %in% c('(-Inf,3.06]','(3.06,4.05]') & X[,12] %in% c('(1.44,1.97]','(1.97,2.58]','(2.58,3.64]','(3.64, Inf]') & X[,13] %in% c('(-Inf,540]','(540,759]')","'2'","V10,V12,V13","abl_conf"
"wine",5,462,0.941176470588235,0.272,1,2,4,0.333333333333333,0.222222222222222,"X[,7] %in% c('(-Inf,1.05]','(1.05,1.91]') & X[,10] %in% c('(4.05,6.39]','(6.39, Inf]')","'3'","V7,V10","abl_conf"
"wine",5,71,1,0.216,0.794117647058823,2,4,0.333333333333333,0.222222222222222,"X[,11] %in% c('(-Inf,0.635]','(0.635,0.857]') & X[,12] %in% c('(-Inf,1.44]','(1.44,1.97]')","'3'","V11,V12","abl_supp"
"wine",5,128,1,0.296,0.74,3,7,0.5,0.388888888888889,"X[,10] %in% c('(-Inf,3.06]','(3.06,4.05]') & X[,12] %in% c('(1.97,2.58]','(2.58,3.64]','(3.64, Inf]') & X[,13] %in% c('(-Inf,540]','(540,759]')","'2'","V10,V12,V13","abl_supp"
"wine",5,150,1,0.328,1,4,11,0.666666666666667,0.611111111111111,"X[,1] %in% c('(12.74,13.55]','(13.55,13.63]','(13.63, Inf]') & X[,6] %in% c('(2.18,3.04]','(3.04, Inf]') & X[,7] %in% c('(1.91,1.99]','(1.99,2.38]','(2.38, Inf]') & X[,13] %in% c('(540,759]','(759,994]','(994, Inf]')","'1'","V1,V6,V7,V13","abl_supp"
"wine",5,270,1,0.224,0.823529411764706,3,7,0.5,0.388888888888889,"X[,3] %in% c('(1.87,2.25]','(2.25,2.99]','(2.99, Inf]') & X[,7] %in% c('(-Inf,1.05]') & X[,10] %in% c('(3.06,4.05]','(4.05,6.39]','(6.39, Inf]')","'3'","V3,V7,V10","abl_supp"
"wine",5,326,1,0.168,0.42,3,6,0.5,0.333333333333333,"X[,2] %in% c('(-Inf,1.43]') & X[,11] %in% c('(0.857,1.21]','(1.21, Inf]') & X[,13] %in% c('(-Inf,540]','(540,759]','(759,994]')","'2'","V2,V11,V13","abl_supp"
"wine",5,38,1,0.32,0.8,3,10,0.5,0.555555555555556,"X[,1] %in% c('(-Inf,12.14]','(12.14,12.74]') & X[,7] %in% c('(1.05,1.91]','(1.91,1.99]','(1.99,2.38]','(2.38, Inf]') & X[,12] %in% c('(1.44,1.97]','(1.97,2.58]','(2.58,3.64]','(3.64, Inf]')","'2'","V1,V7,V12","abl_length"
"wine",5,110,1,0.312,0.78,3,8,0.5,0.444444444444444,"X[,7] %in% c('(1.05,1.91]','(1.91,1.99]','(1.99,2.38]','(2.38, Inf]') & X[,11] %in% c('(0.857,1.21]','(1.21, Inf]') & X[,13] %in% c('(-Inf,540]','(540,759]')","'2'","V7,V11,V13","abl_length"
"wine",5,150,1,0.328,1,4,11,0.666666666666667,0.611111111111111,"X[,1] %in% c('(12.74,13.55]','(13.55,13.63]','(13.63, Inf]') & X[,6] %in% c('(2.18,3.04]','(3.04, Inf]') & X[,7] %in% c('(1.91,1.99]','(1.99,2.38]','(2.38, Inf]') & X[,13] %in% c('(540,759]','(759,994]','(994, Inf]')","'1'","V1,V6,V7,V13","abl_length"
"wine",5,278,1,0.32,0.8,3,8,0.5,0.444444444444444,"X[,10] %in% c('(-Inf,3.06]','(3.06,4.05]') & X[,12] %in% c('(1.44,1.97]','(1.97,2.58]','(2.58,3.64]','(3.64, Inf]') & X[,13] %in% c('(-Inf,540]','(540,759]')","'2'","V10,V12,V13","abl_length"
"wine",5,462,0.941176470588235,0.272,1,2,4,0.333333333333333,0.222222222222222,"X[,7] %in% c('(-Inf,1.05]','(1.05,1.91]') & X[,10] %in% c('(4.05,6.39]','(6.39, Inf]')","'3'","V7,V10","abl_length"
"wine",5,38,1,0.32,0.8,3,10,0.5,0.555555555555556,"X[,1] %in% c('(-Inf,12.14]','(12.14,12.74]') & X[,7] %in% c('(1.05,1.91]','(1.91,1.99]','(1.99,2.38]','(2.38, Inf]') & X[,12] %in% c('(1.44,1.97]','(1.97,2.58]','(2.58,3.64]','(3.64, Inf]')","'2'","V1,V7,V12","abl_mod"
"wine",5,110,1,0.312,0.78,3,8,0.5,0.444444444444444,"X[,7] %in% c('(1.05,1.91]','(1.91,1.99]','(1.99,2.38]','(2.38, Inf]') & X[,11] %in% c('(0.857,1.21]','(1.21, Inf]') & X[,13] %in% c('(-Inf,540]','(540,759]')","'2'","V7,V11,V13","abl_mod"
"wine",5,150,1,0.328,1,4,11,0.666666666666667,0.611111111111111,"X[,1] %in% c('(12.74,13.55]','(13.55,13.63]','(13.63, Inf]') & X[,6] %in% c('(2.18,3.04]','(3.04, Inf]') & X[,7] %in% c('(1.91,1.99]','(1.99,2.38]','(2.38, Inf]') & X[,13] %in% c('(540,759]','(759,994]','(994, Inf]')","'1'","V1,V6,V7,V13","abl_mod"
"wine",5,278,1,0.32,0.8,3,8,0.5,0.444444444444444,"X[,10] %in% c('(-Inf,3.06]','(3.06,4.05]') & X[,12] %in% c('(1.44,1.97]','(1.97,2.58]','(2.58,3.64]','(3.64, Inf]') & X[,13] %in% c('(-Inf,540]','(540,759]')","'2'","V10,V12,V13","abl_mod"
"wine",5,462,0.941176470588235,0.272,1,2,4,0.333333333333333,0.222222222222222,"X[,7] %in% c('(-Inf,1.05]','(1.05,1.91]') & X[,10] %in% c('(4.05,6.39]','(6.39, Inf]')","'3'","V7,V10","abl_mod"
"wine",5,387,1,0.304,0.926829268292683,3,7,0.5,0.388888888888889,"X[,1] %in% c('(12.74,13.55]','(13.55,13.63]','(13.63, Inf]') & X[,7] %in% c('(2.38, Inf]') & X[,13] %in% c('(540,759]','(759,994]','(994, Inf]')","'1'","V1,V7,V13","abl_acc"
"wine",5,418,0.938775510204082,0.392,0.98,3,10,0.5,0.555555555555556,"X[,7] %in% c('(1.05,1.91]','(1.91,1.99]','(1.99,2.38]','(2.38, Inf]') & X[,12] %in% c('(1.44,1.97]','(1.97,2.58]','(2.58,3.64]','(3.64, Inf]') & X[,13] %in% c('(-Inf,540]','(540,759]')","'2'","V7,V12,V13","abl_acc"
"wine",5,462,0.941176470588235,0.272,1,2,4,0.333333333333333,0.222222222222222,"X[,7] %in% c('(-Inf,1.05]','(1.05,1.91]') & X[,10] %in% c('(4.05,6.39]','(6.39, Inf]')","'3'","V7,V10","abl_acc"
"wine",5,480,0.877551020408163,0.392,0.98,1,2,0.166666666666667,0.111111111111111,"X[,10] %in% c('(-Inf,3.06]','(3.06,4.05]')","'2'","V10","abl_acc"
"wine",5,278,1,0.32,0.8,3,8,0.5,0.444444444444444,"X[,10] %in% c('(-Inf,3.06]','(3.06,4.05]') & X[,12] %in% c('(1.44,1.97]','(1.97,2.58]','(2.58,3.64]','(3.64, Inf]') & X[,13] %in% c('(-Inf,540]','(540,759]')","'2'","V10,V12,V13","abl_min_cov"
"wine",5,38,1,0.32,0.8,3,10,0.5,0.555555555555556,"X[,1] %in% c('(-Inf,12.14]','(12.14,12.74]') & X[,7] %in% c('(1.05,1.91]','(1.91,1.99]','(1.99,2.38]','(2.38, Inf]') & X[,12] %in% c('(1.44,1.97]','(1.97,2.58]','(2.58,3.64]','(3.64, Inf]')","'2'","V1,V7,V12","abl_max_cov"
"wine",5,110,1,0.312,0.78,3,8,0.5,0.444444444444444,"X[,7] %in% c('(1.05,1.91]','(1.91,1.99]','(1.99,2.38]','(2.38, Inf]') & X[,11] %in% c('(0.857,1.21]','(1.21, Inf]') & X[,13] %in% c('(-Inf,540]','(540,759]')","'2'","V7,V11,V13","abl_max_cov"
"wine",5,150,1,0.328,1,4,11,0.666666666666667,0.611111111111111,"X[,1] %in% c('(12.74,13.55]','(13.55,13.63]','(13.63, Inf]') & X[,6] %in% c('(2.18,3.04]','(3.04, Inf]') & X[,7] %in% c('(1.91,1.99]','(1.99,2.38]','(2.38, Inf]') & X[,13] %in% c('(540,759]','(759,994]','(994, Inf]')","'1'","V1,V6,V7,V13","abl_max_cov"
"wine",5,278,1,0.32,0.8,3,8,0.5,0.444444444444444,"X[,10] %in% c('(-Inf,3.06]','(3.06,4.05]') & X[,12] %in% c('(1.44,1.97]','(1.97,2.58]','(2.58,3.64]','(3.64, Inf]') & X[,13] %in% c('(-Inf,540]','(540,759]')","'2'","V10,V12,V13","abl_max_cov"
"wine",5,462,0.941176470588235,0.272,1,2,4,0.333333333333333,0.222222222222222,"X[,7] %in% c('(-Inf,1.05]','(1.05,1.91]') & X[,10] %in% c('(4.05,6.39]','(6.39, Inf]')","'3'","V7,V10","abl_max_cov"
"wine",5,38,1,0.32,0.8,3,10,0.5,0.555555555555556,"X[,1] %in% c('(-Inf,12.14]','(12.14,12.74]') & X[,7] %in% c('(1.05,1.91]','(1.91,1.99]','(1.99,2.38]','(2.38, Inf]') & X[,12] %in% c('(1.44,1.97]','(1.97,2.58]','(2.58,3.64]','(3.64, Inf]')","'2'","V1,V7,V12","abl_overlap"
"wine",5,110,1,0.312,0.78,3,8,0.5,0.444444444444444,"X[,7] %in% c('(1.05,1.91]','(1.91,1.99]','(1.99,2.38]','(2.38, Inf]') & X[,11] %in% c('(0.857,1.21]','(1.21, Inf]') & X[,13] %in% c('(-Inf,540]','(540,759]')","'2'","V7,V11,V13","abl_overlap"
"wine",5,150,1,0.328,1,4,11,0.666666666666667,0.611111111111111,"X[,1] %in% c('(12.74,13.55]','(13.55,13.63]','(13.63, Inf]') & X[,6] %in% c('(2.18,3.04]','(3.04, Inf]') & X[,7] %in% c('(1.91,1.99]','(1.99,2.38]','(2.38, Inf]') & X[,13] %in% c('(540,759]','(759,994]','(994, Inf]')","'1'","V1,V6,V7,V13","abl_overlap"
"wine",5,278,1,0.32,0.8,3,8,0.5,0.444444444444444,"X[,10] %in% c('(-Inf,3.06]','(3.06,4.05]') & X[,12] %in% c('(1.44,1.97]','(1.97,2.58]','(2.58,3.64]','(3.64, Inf]') & X[,13] %in% c('(-Inf,540]','(540,759]')","'2'","V10,V12,V13","abl_overlap"
"wine",5,462,0.941176470588235,0.272,1,2,4,0.333333333333333,0.222222222222222,"X[,7] %in% c('(-Inf,1.05]','(1.05,1.91]') & X[,10] %in% c('(4.05,6.39]','(6.39, Inf]')","'3'","V7,V10","abl_overlap"
"wine",5,86,1,0.32,0.8,3,10,0.428571428571429,0.5,"X[,1] %in% c('(-Inf,12.14]','(12.14,12.74]') & X[,7] %in% c('(1.05,1.91]','(1.91,1.99]','(1.99,2.38]','(2.38, Inf]') & X[,12] %in% c('(1.44,1.97]','(1.97,2.58]','(2.58,3.64]','(3.64, Inf]')","'2'","V1,V7,V12","abl_preselect"
"wine",5,256,1,0.312,0.78,3,8,0.428571428571429,0.4,"X[,7] %in% c('(1.05,1.91]','(1.91,1.99]','(1.99,2.38]','(2.38, Inf]') & X[,11] %in% c('(0.857,1.21]','(1.21, Inf]') & X[,13] %in% c('(-Inf,540]','(540,759]')","'2'","V7,V11,V13","abl_preselect"
"wine",5,351,1,0.328,1,4,11,0.571428571428571,0.55,"X[,1] %in% c('(12.74,13.55]','(13.55,13.63]','(13.63, Inf]') & X[,6] %in% c('(2.18,3.04]','(3.04, Inf]') & X[,7] %in% c('(1.91,1.99]','(1.99,2.38]','(2.38, Inf]') & X[,13] %in% c('(540,759]','(759,994]','(994, Inf]')","'1'","V1,V6,V7,V13","abl_preselect"
"wine",5,665,1,0.32,0.8,3,8,0.428571428571429,0.4,"X[,10] %in% c('(-Inf,3.06]','(3.06,4.05]') & X[,12] %in% c('(1.44,1.97]','(1.97,2.58]','(2.58,3.64]','(3.64, Inf]') & X[,13] %in% c('(-Inf,540]','(540,759]')","'2'","V10,V12,V13","abl_preselect"
"wine",5,1078,0.941176470588235,0.272,1,2,4,0.285714285714286,0.2,"X[,7] %in% c('(-Inf,1.05]','(1.05,1.91]') & X[,10] %in% c('(4.05,6.39]','(6.39, Inf]')","'3'","V7,V10","abl_preselect"
"wine",6,17,1,0.328,0.82,3,8,0.5,0.444444444444444,"X[,7] %in% c('(1.05,1.91]','(1.91,1.99]','(1.99,2.38]','(2.38, Inf]') & X[,10] %in% c('(-Inf,3.06]','(3.06,4.05]') & X[,13] %in% c('(-Inf,540]','(540,759]')","'2'","V7,V10,V13","no_abl"
"wine",6,31,1,0.216,0.794117647058823,2,3,0.333333333333333,0.166666666666667,"X[,7] %in% c('(-Inf,1.05]') & X[,8] %in% c('(0.384,0.55]','(0.55, Inf]')","'3'","V7,V8","no_abl"
"wine",6,73,1,0.232,0.852941176470588,2,4,0.333333333333333,0.222222222222222,"X[,11] %in% c('(-Inf,0.635]','(0.635,0.857]') & X[,12] %in% c('(-Inf,1.44]','(1.44,1.97]')","'3'","V11,V12","no_abl"
"wine",6,170,0.975609756097561,0.328,1,3,8,0.5,0.444444444444444,"X[,1] %in% c('(12.74,13.55]','(13.55,13.63]','(13.63, Inf]') & X[,7] %in% c('(1.91,1.99]','(2.38, Inf]') & X[,13] %in% c('(540,759]','(759,994]','(994, Inf]')","'1'","V1,V7,V13","no_abl"
"wine",6,331,1,0.304,0.76,2,4,0.333333333333333,0.222222222222222,"X[,1] %in% c('(-Inf,12.14]','(12.14,12.74]') & X[,11] %in% c('(0.857,1.21]','(1.21, Inf]')","'2'","V1,V11","no_abl"
"wine",6,17,1,0.328,0.82,3,8,0.5,0.444444444444444,"X[,7] %in% c('(1.05,1.91]','(1.91,1.99]','(1.99,2.38]','(2.38, Inf]') & X[,10] %in% c('(-Inf,3.06]','(3.06,4.05]') & X[,13] %in% c('(-Inf,540]','(540,759]')","'2'","V7,V10,V13","abl_conf"
"wine",6,31,1,0.216,0.794117647058823,2,3,0.333333333333333,0.166666666666667,"X[,7] %in% c('(-Inf,1.05]') & X[,8] %in% c('(0.384,0.55]','(0.55, Inf]')","'3'","V7,V8","abl_conf"
"wine",6,73,1,0.232,0.852941176470588,2,4,0.333333333333333,0.222222222222222,"X[,11] %in% c('(-Inf,0.635]','(0.635,0.857]') & X[,12] %in% c('(-Inf,1.44]','(1.44,1.97]')","'3'","V11,V12","abl_conf"
"wine",6,170,0.975609756097561,0.328,1,3,8,0.5,0.444444444444444,"X[,1] %in% c('(12.74,13.55]','(13.55,13.63]','(13.63, Inf]') & X[,7] %in% c('(1.91,1.99]','(2.38, Inf]') & X[,13] %in% c('(540,759]','(759,994]','(994, Inf]')","'1'","V1,V7,V13","abl_conf"
"wine",6,331,1,0.304,0.76,2,4,0.333333333333333,0.222222222222222,"X[,1] %in% c('(-Inf,12.14]','(12.14,12.74]') & X[,11] %in% c('(0.857,1.21]','(1.21, Inf]')","'2'","V1,V11","abl_conf"
"wine",6,17,1,0.328,0.82,3,8,0.5,0.444444444444444,"X[,7] %in% c('(1.05,1.91]','(1.91,1.99]','(1.99,2.38]','(2.38, Inf]') & X[,10] %in% c('(-Inf,3.06]','(3.06,4.05]') & X[,13] %in% c('(-Inf,540]','(540,759]')","'2'","V7,V10,V13","abl_supp"
"wine",6,31,1,0.216,0.794117647058823,2,3,0.333333333333333,0.166666666666667,"X[,7] %in% c('(-Inf,1.05]') & X[,8] %in% c('(0.384,0.55]','(0.55, Inf]')","'3'","V7,V8","abl_supp"
"wine",6,73,1,0.232,0.852941176470588,2,4,0.333333333333333,0.222222222222222,"X[,11] %in% c('(-Inf,0.635]','(0.635,0.857]') & X[,12] %in% c('(-Inf,1.44]','(1.44,1.97]')","'3'","V11,V12","abl_supp"
"wine",6,170,0.975609756097561,0.328,1,3,8,0.5,0.444444444444444,"X[,1] %in% c('(12.74,13.55]','(13.55,13.63]','(13.63, Inf]') & X[,7] %in% c('(1.91,1.99]','(2.38, Inf]') & X[,13] %in% c('(540,759]','(759,994]','(994, Inf]')","'1'","V1,V7,V13","abl_supp"
"wine",6,331,1,0.304,0.76,2,4,0.333333333333333,0.222222222222222,"X[,1] %in% c('(-Inf,12.14]','(12.14,12.74]') & X[,11] %in% c('(0.857,1.21]','(1.21, Inf]')","'2'","V1,V11","abl_supp"
"wine",6,17,1,0.328,0.82,3,8,0.5,0.444444444444444,"X[,7] %in% c('(1.05,1.91]','(1.91,1.99]','(1.99,2.38]','(2.38, Inf]') & X[,10] %in% c('(-Inf,3.06]','(3.06,4.05]') & X[,13] %in% c('(-Inf,540]','(540,759]')","'2'","V7,V10,V13","abl_length"
"wine",6,73,1,0.232,0.852941176470588,2,4,0.333333333333333,0.222222222222222,"X[,11] %in% c('(-Inf,0.635]','(0.635,0.857]') & X[,12] %in% c('(-Inf,1.44]','(1.44,1.97]')","'3'","V11,V12","abl_length"
"wine",6,170,0.975609756097561,0.328,1,3,8,0.5,0.444444444444444,"X[,1] %in% c('(12.74,13.55]','(13.55,13.63]','(13.63, Inf]') & X[,7] %in% c('(1.91,1.99]','(2.38, Inf]') & X[,13] %in% c('(540,759]','(759,994]','(994, Inf]')","'1'","V1,V7,V13","abl_length"
"wine",6,331,1,0.304,0.76,2,4,0.333333333333333,0.222222222222222,"X[,1] %in% c('(-Inf,12.14]','(12.14,12.74]') & X[,11] %in% c('(0.857,1.21]','(1.21, Inf]')","'2'","V1,V11","abl_length"
"wine",6,419,1,0.24,0.88235294117647,3,7,0.5,0.388888888888889,"X[,3] %in% c('(2.25,2.99]','(2.99, Inf]') & X[,7] %in% c('(-Inf,1.05]','(1.05,1.91]','(1.99,2.38]') & X[,10] %in% c('(4.05,6.39]','(6.39, Inf]')","'3'","V3,V7,V10","abl_length"
"wine",6,17,1,0.328,0.82,3,8,0.5,0.444444444444444,"X[,7] %in% c('(1.05,1.91]','(1.91,1.99]','(1.99,2.38]','(2.38, Inf]') & X[,10] %in% c('(-Inf,3.06]','(3.06,4.05]') & X[,13] %in% c('(-Inf,540]','(540,759]')","'2'","V7,V10,V13","abl_mod"
"wine",6,73,1,0.232,0.852941176470588,2,4,0.333333333333333,0.222222222222222,"X[,11] %in% c('(-Inf,0.635]','(0.635,0.857]') & X[,12] %in% c('(-Inf,1.44]','(1.44,1.97]')","'3'","V11,V12","abl_mod"
"wine",6,170,0.975609756097561,0.328,1,3,8,0.5,0.444444444444444,"X[,1] %in% c('(12.74,13.55]','(13.55,13.63]','(13.63, Inf]') & X[,7] %in% c('(1.91,1.99]','(2.38, Inf]') & X[,13] %in% c('(540,759]','(759,994]','(994, Inf]')","'1'","V1,V7,V13","abl_mod"
"wine",6,331,1,0.304,0.76,2,4,0.333333333333333,0.222222222222222,"X[,1] %in% c('(-Inf,12.14]','(12.14,12.74]') & X[,11] %in% c('(0.857,1.21]','(1.21, Inf]')","'2'","V1,V11","abl_mod"
"wine",6,419,1,0.24,0.88235294117647,3,7,0.5,0.388888888888889,"X[,3] %in% c('(2.25,2.99]','(2.99, Inf]') & X[,7] %in% c('(-Inf,1.05]','(1.05,1.91]','(1.99,2.38]') & X[,10] %in% c('(4.05,6.39]','(6.39, Inf]')","'3'","V3,V7,V10","abl_mod"
"wine",6,184,0.96969696969697,0.264,0.970588235294118,2,4,0.333333333333333,0.222222222222222,"X[,7] %in% c('(-Inf,1.05]','(1.05,1.91]') & X[,10] %in% c('(4.05,6.39]','(6.39, Inf]')","'3'","V7,V10","abl_acc"
"wine",6,251,0.9375,0.384,0.96,2,5,0.333333333333333,0.277777777777778,"X[,10] %in% c('(-Inf,3.06]','(3.06,4.05]') & X[,12] %in% c('(1.44,1.97]','(1.97,2.58]','(2.58,3.64]')","'2'","V10,V12","abl_acc"
"wine",6,275,0.909090909090909,0.352,1.07317073170732,2,5,0.333333333333333,0.277777777777778,"X[,7] %in% c('(1.91,1.99]','(2.38, Inf]') & X[,13] %in% c('(540,759]','(759,994]','(994, Inf]')","'1'","V7,V13","abl_acc"
"wine",6,172,1,0.312,0.78,2,5,0.333333333333333,0.277777777777778,"X[,1] %in% c('(-Inf,12.14]','(12.14,12.74]') & X[,12] %in% c('(1.97,2.58]','(2.58,3.64]','(3.64, Inf]')","'2'","V1,V12","abl_min_cov"
"wine",6,17,1,0.328,0.82,3,8,0.5,0.444444444444444,"X[,7] %in% c('(1.05,1.91]','(1.91,1.99]','(1.99,2.38]','(2.38, Inf]') & X[,10] %in% c('(-Inf,3.06]','(3.06,4.05]') & X[,13] %in% c('(-Inf,540]','(540,759]')","'2'","V7,V10,V13","abl_max_cov"
"wine",6,31,1,0.216,0.794117647058823,2,3,0.333333333333333,0.166666666666667,"X[,7] %in% c('(-Inf,1.05]') & X[,8] %in% c('(0.384,0.55]','(0.55, Inf]')","'3'","V7,V8","abl_max_cov"
"wine",6,73,1,0.232,0.852941176470588,2,4,0.333333333333333,0.222222222222222,"X[,11] %in% c('(-Inf,0.635]','(0.635,0.857]') & X[,12] %in% c('(-Inf,1.44]','(1.44,1.97]')","'3'","V11,V12","abl_max_cov"
"wine",6,170,0.975609756097561,0.328,1,3,8,0.5,0.444444444444444,"X[,1] %in% c('(12.74,13.55]','(13.55,13.63]','(13.63, Inf]') & X[,7] %in% c('(1.91,1.99]','(2.38, Inf]') & X[,13] %in% c('(540,759]','(759,994]','(994, Inf]')","'1'","V1,V7,V13","abl_max_cov"
"wine",6,331,1,0.304,0.76,2,4,0.333333333333333,0.222222222222222,"X[,1] %in% c('(-Inf,12.14]','(12.14,12.74]') & X[,11] %in% c('(0.857,1.21]','(1.21, Inf]')","'2'","V1,V11","abl_max_cov"
"wine",6,17,1,0.328,0.82,3,8,0.5,0.444444444444444,"X[,7] %in% c('(1.05,1.91]','(1.91,1.99]','(1.99,2.38]','(2.38, Inf]') & X[,10] %in% c('(-Inf,3.06]','(3.06,4.05]') & X[,13] %in% c('(-Inf,540]','(540,759]')","'2'","V7,V10,V13","abl_overlap"
"wine",6,31,1,0.216,0.794117647058823,2,3,0.333333333333333,0.166666666666667,"X[,7] %in% c('(-Inf,1.05]') & X[,8] %in% c('(0.384,0.55]','(0.55, Inf]')","'3'","V7,V8","abl_overlap"
"wine",6,73,1,0.232,0.852941176470588,2,4,0.333333333333333,0.222222222222222,"X[,11] %in% c('(-Inf,0.635]','(0.635,0.857]') & X[,12] %in% c('(-Inf,1.44]','(1.44,1.97]')","'3'","V11,V12","abl_overlap"
"wine",6,170,0.975609756097561,0.328,1,3,8,0.5,0.444444444444444,"X[,1] %in% c('(12.74,13.55]','(13.55,13.63]','(13.63, Inf]') & X[,7] %in% c('(1.91,1.99]','(2.38, Inf]') & X[,13] %in% c('(540,759]','(759,994]','(994, Inf]')","'1'","V1,V7,V13","abl_overlap"
"wine",6,331,1,0.304,0.76,2,4,0.333333333333333,0.222222222222222,"X[,1] %in% c('(-Inf,12.14]','(12.14,12.74]') & X[,11] %in% c('(0.857,1.21]','(1.21, Inf]')","'2'","V1,V11","abl_overlap"
"wine",6,59,1,0.216,0.794117647058823,2,3,0.285714285714286,0.136363636363636,"X[,7] %in% c('(-Inf,1.05]') & X[,8] %in% c('(0.384,0.55]','(0.55, Inf]')","'3'","V7,V8","abl_preselect"
"wine",6,152,1,0.232,0.852941176470588,2,4,0.285714285714286,0.181818181818182,"X[,11] %in% c('(-Inf,0.635]','(0.635,0.857]') & X[,12] %in% c('(-Inf,1.44]','(1.44,1.97]')","'3'","V11,V12","abl_preselect"
"wine",6,353,0.975609756097561,0.328,1,3,8,0.428571428571429,0.363636363636364,"X[,1] %in% c('(12.74,13.55]','(13.55,13.63]','(13.63, Inf]') & X[,7] %in% c('(1.91,1.99]','(2.38, Inf]') & X[,13] %in% c('(540,759]','(759,994]','(994, Inf]')","'1'","V1,V7,V13","abl_preselect"
"wine",6,699,1,0.304,0.76,2,4,0.285714285714286,0.181818181818182,"X[,1] %in% c('(-Inf,12.14]','(12.14,12.74]') & X[,11] %in% c('(0.857,1.21]','(1.21, Inf]')","'2'","V1,V11","abl_preselect"
"wine",6,928,0.976744186046512,0.344,0.86,2,4,0.285714285714286,0.181818181818182,"X[,10] %in% c('(-Inf,3.06]','(3.06,4.05]') & X[,13] %in% c('(-Inf,540]','(540,759]')","'2'","V10,V13","abl_preselect"
"wine",7,20,1,0.304,0.76,2,5,0.333333333333333,0.263157894736842,"X[,1] %in% c('(-Inf,12.14]','(12.14,12.74]') & X[,2] %in% c('(-Inf,1.43]','(1.43,1.84]','(1.84,2.98]')","'2'","V1,V2","no_abl"
"wine",7,25,0.96969696969697,0.264,0.970588235294118,2,4,0.333333333333333,0.210526315789474,"X[,7] %in% c('(-Inf,1.05]','(1.05,1.91]') & X[,10] %in% c('(4.05,6.39]','(6.39, Inf]')","'3'","V7,V10","no_abl"
"wine",7,141,0.977272727272727,0.352,0.88,4,11,0.666666666666667,0.578947368421053,"X[,3] %in% c('(-Inf,1.87]','(1.87,2.25]','(2.25,2.99]') & X[,10] %in% c('(-Inf,3.06]','(3.06,4.05]') & X[,12] %in% c('(1.97,2.58]','(2.58,3.64]','(3.64, Inf]') & X[,13] %in% c('(-Inf,540]','(540,759]','(759,994]')","'2'","V3,V10,V12,V13","no_abl"
"wine",7,307,1,0.288,0.878048780487805,4,11,0.666666666666667,0.578947368421053,"X[,1] %in% c('(12.74,13.55]','(13.55,13.63]','(13.63, Inf]') & X[,5] %in% c('(83.5,93.8]','(93.8,133]') & X[,7] %in% c('(1.91,1.99]','(1.99,2.38]','(2.38, Inf]') & X[,8] %in% c('(0.219,0.384]','(0.384,0.55]','(0.55, Inf]')","'1'","V1,V5,V7,V8","no_abl"
"wine",7,438,1,0.264,0.804878048780488,4,7,0.666666666666667,0.368421052631579,"X[,5] %in% c('(83.5,93.8]','(93.8,133]') & X[,7] %in% c('(2.38, Inf]') & X[,8] %in% c('(-Inf,0.219]','(0.219,0.384]') & X[,13] %in% c('(759,994]','(994, Inf]')","'1'","V5,V7,V8,V13","no_abl"
"wine",7,20,1,0.304,0.76,2,5,0.333333333333333,0.263157894736842,"X[,1] %in% c('(-Inf,12.14]','(12.14,12.74]') & X[,2] %in% c('(-Inf,1.43]','(1.43,1.84]','(1.84,2.98]')","'2'","V1,V2","abl_conf"
"wine",7,25,0.96969696969697,0.264,0.970588235294118,2,4,0.333333333333333,0.210526315789474,"X[,7] %in% c('(-Inf,1.05]','(1.05,1.91]') & X[,10] %in% c('(4.05,6.39]','(6.39, Inf]')","'3'","V7,V10","abl_conf"
"wine",7,31,0.91304347826087,0.368,0.92,2,6,0.333333333333333,0.315789473684211,"X[,7] %in% c('(1.05,1.91]','(1.91,1.99]','(1.99,2.38]','(2.38, Inf]') & X[,10] %in% c('(-Inf,3.06]','(3.06,4.05]')","'2'","V7,V10","abl_conf"
"wine",7,164,0.971428571428571,0.28,0.853658536585366,4,11,0.666666666666667,0.578947368421053,"X[,2] %in% c('(-Inf,1.43]','(1.43,1.84]','(1.84,2.98]') & X[,5] %in% c('(83.5,93.8]','(93.8,133]') & X[,7] %in% c('(1.05,1.91]','(1.91,1.99]','(1.99,2.38]','(2.38, Inf]') & X[,13] %in% c('(759,994]','(994, Inf]')","'1'","V2,V5,V7,V13","abl_conf"
"wine",7,432,1,0.288,0.878048780487805,5,13,0.833333333333333,0.684210526315789,"X[,1] %in% c('(12.74,13.55]','(13.55,13.63]','(13.63, Inf]') & X[,6] %in% c('(2.18,3.04]','(3.04, Inf]') & X[,7] %in% c('(1.91,1.99]','(1.99,2.38]','(2.38, Inf]') & X[,11] %in% c('(0.635,0.857]','(0.857,1.21]') & X[,13] %in% c('(540,759]','(759,994]','(994, Inf]')","'1'","V1,V6,V7,V11,V13","abl_conf"
"wine",7,104,1,0.176,0.647058823529412,2,2,0.333333333333333,0.105263157894737,"X[,7] %in% c('(-Inf,1.05]') & X[,9] %in% c('(0.526,1.39]')","'3'","V7,V9","abl_supp"
"wine",7,158,0.966666666666667,0.24,0.6,2,5,0.333333333333333,0.263157894736842,"X[,5] %in% c('(-Inf,83.5]','(83.5,93.8]','(133, Inf]') & X[,10] %in% c('(-Inf,3.06]','(3.06,4.05]')","'2'","V5,V10","abl_supp"
"wine",7,202,0.953488372093023,0.344,1.04878048780488,4,13,0.666666666666667,0.684210526315789,"X[,1] %in% c('(12.74,13.55]','(13.55,13.63]','(13.63, Inf]') & X[,4] %in% c('(-Inf,15.8]','(15.8,18.7]','(18.7,22.1]','(22.1,25.9]') & X[,7] %in% c('(1.91,1.99]','(1.99,2.38]','(2.38, Inf]') & X[,12] %in% c('(1.97,2.58]','(2.58,3.64]','(3.64, Inf]')","'1'","V1,V4,V7,V12","abl_supp"
"wine",7,222,1,0.328,0.82,3,8,0.5,0.421052631578947,"X[,1] %in% c('(-Inf,12.14]','(12.14,12.74]','(13.63, Inf]') & X[,12] %in% c('(1.97,2.58]','(2.58,3.64]','(3.64, Inf]') & X[,13] %in% c('(-Inf,540]','(540,759]')","'2'","V1,V12,V13","abl_supp"
"wine",7,235,1,0.224,0.823529411764706,2,5,0.333333333333333,0.263157894736842,"X[,10] %in% c('(3.06,4.05]','(4.05,6.39]','(6.39, Inf]') & X[,12] %in% c('(-Inf,1.44]','(1.44,1.97]')","'3'","V10,V12","abl_supp"
"wine",7,20,1,0.304,0.76,2,5,0.333333333333333,0.263157894736842,"X[,1] %in% c('(-Inf,12.14]','(12.14,12.74]') & X[,2] %in% c('(-Inf,1.43]','(1.43,1.84]','(1.84,2.98]')","'2'","V1,V2","abl_length"
"wine",7,25,0.96969696969697,0.264,0.970588235294118,2,4,0.333333333333333,0.210526315789474,"X[,7] %in% c('(-Inf,1.05]','(1.05,1.91]') & X[,10] %in% c('(4.05,6.39]','(6.39, Inf]')","'3'","V7,V10","abl_length"
"wine",7,141,0.977272727272727,0.352,0.88,4,11,0.666666666666667,0.578947368421053,"X[,3] %in% c('(-Inf,1.87]','(1.87,2.25]','(2.25,2.99]') & X[,10] %in% c('(-Inf,3.06]','(3.06,4.05]') & X[,12] %in% c('(1.97,2.58]','(2.58,3.64]','(3.64, Inf]') & X[,13] %in% c('(-Inf,540]','(540,759]','(759,994]')","'2'","V3,V10,V12,V13","abl_length"
"wine",7,307,1,0.288,0.878048780487805,4,11,0.666666666666667,0.578947368421053,"X[,1] %in% c('(12.74,13.55]','(13.55,13.63]','(13.63, Inf]') & X[,5] %in% c('(83.5,93.8]','(93.8,133]') & X[,7] %in% c('(1.91,1.99]','(1.99,2.38]','(2.38, Inf]') & X[,8] %in% c('(0.219,0.384]','(0.384,0.55]','(0.55, Inf]')","'1'","V1,V5,V7,V8","abl_length"
"wine",7,438,1,0.264,0.804878048780488,4,7,0.666666666666667,0.368421052631579,"X[,5] %in% c('(83.5,93.8]','(93.8,133]') & X[,7] %in% c('(2.38, Inf]') & X[,8] %in% c('(-Inf,0.219]','(0.219,0.384]') & X[,13] %in% c('(759,994]','(994, Inf]')","'1'","V5,V7,V8,V13","abl_length"
"wine",7,20,1,0.304,0.76,2,5,0.333333333333333,0.263157894736842,"X[,1] %in% c('(-Inf,12.14]','(12.14,12.74]') & X[,2] %in% c('(-Inf,1.43]','(1.43,1.84]','(1.84,2.98]')","'2'","V1,V2","abl_mod"
"wine",7,25,0.96969696969697,0.264,0.970588235294118,2,4,0.333333333333333,0.210526315789474,"X[,7] %in% c('(-Inf,1.05]','(1.05,1.91]') & X[,10] %in% c('(4.05,6.39]','(6.39, Inf]')","'3'","V7,V10","abl_mod"
"wine",7,141,0.977272727272727,0.352,0.88,4,11,0.666666666666667,0.578947368421053,"X[,3] %in% c('(-Inf,1.87]','(1.87,2.25]','(2.25,2.99]') & X[,10] %in% c('(-Inf,3.06]','(3.06,4.05]') & X[,12] %in% c('(1.97,2.58]','(2.58,3.64]','(3.64, Inf]') & X[,13] %in% c('(-Inf,540]','(540,759]','(759,994]')","'2'","V3,V10,V12,V13","abl_mod"
"wine",7,307,1,0.288,0.878048780487805,4,11,0.666666666666667,0.578947368421053,"X[,1] %in% c('(12.74,13.55]','(13.55,13.63]','(13.63, Inf]') & X[,5] %in% c('(83.5,93.8]','(93.8,133]') & X[,7] %in% c('(1.91,1.99]','(1.99,2.38]','(2.38, Inf]') & X[,8] %in% c('(0.219,0.384]','(0.384,0.55]','(0.55, Inf]')","'1'","V1,V5,V7,V8","abl_mod"
"wine",7,438,1,0.264,0.804878048780488,4,7,0.666666666666667,0.368421052631579,"X[,5] %in% c('(83.5,93.8]','(93.8,133]') & X[,7] %in% c('(2.38, Inf]') & X[,8] %in% c('(-Inf,0.219]','(0.219,0.384]') & X[,13] %in% c('(759,994]','(994, Inf]')","'1'","V5,V7,V8,V13","abl_mod"
"wine",7,144,0.906976744186046,0.344,1.04878048780488,2,5,0.333333333333333,0.263157894736842,"X[,6] %in% c('(1.57,2.18]','(2.18,3.04]','(3.04, Inf]') & X[,13] %in% c('(759,994]','(994, Inf]')","'1'","V6,V13","abl_acc"
"wine",7,237,0.882352941176471,0.408,1.02,2,5,0.333333333333333,0.263157894736842,"X[,12] %in% c('(1.97,2.58]','(2.58,3.64]','(3.64, Inf]') & X[,13] %in% c('(-Inf,540]','(540,759]')","'2'","V12,V13","abl_acc"
"wine",7,335,0.967741935483871,0.248,0.911764705882353,3,7,0.5,0.368421052631579,"X[,5] %in% c('(83.5,93.8]','(93.8,133]','(133, Inf]') & X[,7] %in% c('(-Inf,1.05]','(1.05,1.91]') & X[,11] %in% c('(-Inf,0.635]','(0.635,0.857]')","'3'","V5,V7,V11","abl_acc"
"wine",7,20,1,0.304,0.76,2,5,0.333333333333333,0.263157894736842,"X[,1] %in% c('(-Inf,12.14]','(12.14,12.74]') & X[,2] %in% c('(-Inf,1.43]','(1.43,1.84]','(1.84,2.98]')","'2'","V1,V2","abl_min_cov"
"wine",7,20,1,0.304,0.76,2,5,0.333333333333333,0.263157894736842,"X[,1] %in% c('(-Inf,12.14]','(12.14,12.74]') & X[,2] %in% c('(-Inf,1.43]','(1.43,1.84]','(1.84,2.98]')","'2'","V1,V2","abl_max_cov"
"wine",7,25,0.96969696969697,0.264,0.970588235294118,2,4,0.333333333333333,0.210526315789474,"X[,7] %in% c('(-Inf,1.05]','(1.05,1.91]') & X[,10] %in% c('(4.05,6.39]','(6.39, Inf]')","'3'","V7,V10","abl_max_cov"
"wine",7,141,0.977272727272727,0.352,0.88,4,11,0.666666666666667,0.578947368421053,"X[,3] %in% c('(-Inf,1.87]','(1.87,2.25]','(2.25,2.99]') & X[,10] %in% c('(-Inf,3.06]','(3.06,4.05]') & X[,12] %in% c('(1.97,2.58]','(2.58,3.64]','(3.64, Inf]') & X[,13] %in% c('(-Inf,540]','(540,759]','(759,994]')","'2'","V3,V10,V12,V13","abl_max_cov"
"wine",7,307,1,0.288,0.878048780487805,4,11,0.666666666666667,0.578947368421053,"X[,1] %in% c('(12.74,13.55]','(13.55,13.63]','(13.63, Inf]') & X[,5] %in% c('(83.5,93.8]','(93.8,133]') & X[,7] %in% c('(1.91,1.99]','(1.99,2.38]','(2.38, Inf]') & X[,8] %in% c('(0.219,0.384]','(0.384,0.55]','(0.55, Inf]')","'1'","V1,V5,V7,V8","abl_max_cov"
"wine",7,438,1,0.264,0.804878048780488,4,7,0.666666666666667,0.368421052631579,"X[,5] %in% c('(83.5,93.8]','(93.8,133]') & X[,7] %in% c('(2.38, Inf]') & X[,8] %in% c('(-Inf,0.219]','(0.219,0.384]') & X[,13] %in% c('(759,994]','(994, Inf]')","'1'","V5,V7,V8,V13","abl_max_cov"
"wine",7,20,1,0.304,0.76,2,5,0.333333333333333,0.263157894736842,"X[,1] %in% c('(-Inf,12.14]','(12.14,12.74]') & X[,2] %in% c('(-Inf,1.43]','(1.43,1.84]','(1.84,2.98]')","'2'","V1,V2","abl_overlap"
"wine",7,25,0.96969696969697,0.264,0.970588235294118,2,4,0.333333333333333,0.210526315789474,"X[,7] %in% c('(-Inf,1.05]','(1.05,1.91]') & X[,10] %in% c('(4.05,6.39]','(6.39, Inf]')","'3'","V7,V10","abl_overlap"
"wine",7,287,0.954545454545455,0.352,0.88,3,8,0.5,0.421052631578947,"X[,6] %in% c('(1.57,2.18]','(2.18,3.04]','(3.04, Inf]') & X[,10] %in% c('(-Inf,3.06]','(3.06,4.05]') & X[,13] %in% c('(-Inf,540]','(540,759]','(759,994]')","'2'","V6,V10,V13","abl_overlap"
"wine",7,350,1,0.288,0.878048780487805,3,6,0.5,0.315789473684211,"X[,1] %in% c('(12.74,13.55]','(13.55,13.63]','(13.63, Inf]') & X[,5] %in% c('(93.8,133]') & X[,12] %in% c('(2.58,3.64]','(3.64, Inf]')","'1'","V1,V5,V12","abl_overlap"
"wine",7,401,1,0.304,0.926829268292683,3,5,0.5,0.263157894736842,"X[,5] %in% c('(83.5,93.8]','(93.8,133]') & X[,7] %in% c('(2.38, Inf]') & X[,13] %in% c('(759,994]','(994, Inf]')","'1'","V5,V7,V13","abl_overlap"
"wine",7,46,1,0.304,0.76,2,5,0.285714285714286,0.238095238095238,"X[,1] %in% c('(-Inf,12.14]','(12.14,12.74]') & X[,2] %in% c('(-Inf,1.43]','(1.43,1.84]','(1.84,2.98]')","'2'","V1,V2","abl_preselect"
"wine",7,544,1,0.216,0.794117647058823,2,4,0.285714285714286,0.19047619047619,"X[,7] %in% c('(-Inf,1.05]') & X[,10] %in% c('(3.06,4.05]','(4.05,6.39]','(6.39, Inf]')","'3'","V7,V10","abl_preselect"
"wine",7,563,1,0.224,0.823529411764706,2,5,0.285714285714286,0.238095238095238,"X[,10] %in% c('(3.06,4.05]','(4.05,6.39]','(6.39, Inf]') & X[,12] %in% c('(-Inf,1.44]','(1.44,1.97]')","'3'","V10,V12","abl_preselect"
"wine",7,640,1,0.328,0.82,3,8,0.428571428571429,0.380952380952381,"X[,2] %in% c('(-Inf,1.43]','(1.43,1.84]','(1.84,2.98]','(2.98,4.62]') & X[,10] %in% c('(-Inf,3.06]','(3.06,4.05]') & X[,13] %in% c('(-Inf,540]','(540,759]')","'2'","V2,V10,V13","abl_preselect"
"wine",7,782,0.975609756097561,0.328,1,3,8,0.428571428571429,0.380952380952381,"X[,1] %in% c('(12.74,13.55]','(13.55,13.63]','(13.63, Inf]') & X[,7] %in% c('(1.91,1.99]','(2.38, Inf]') & X[,13] %in% c('(540,759]','(759,994]','(994, Inf]')","'1'","V1,V7,V13","abl_preselect"
"wine",8,98,1,0.312,0.78,2,4,0.333333333333333,0.210526315789474,"X[,1] %in% c('(-Inf,12.14]','(12.14,12.74]') & X[,11] %in% c('(0.857,1.21]','(1.21, Inf]')","'2'","V1,V11","no_abl"
"wine",8,183,1,0.328,1,3,9,0.5,0.473684210526316,"X[,1] %in% c('(12.74,13.55]','(13.55,13.63]','(13.63, Inf]') & X[,7] %in% c('(1.91,1.99]','(1.99,2.38]','(2.38, Inf]') & X[,13] %in% c('(540,759]','(759,994]','(994, Inf]')","'1'","V1,V7,V13","no_abl"
"wine",8,224,1,0.232,0.852941176470588,2,4,0.333333333333333,0.210526315789474,"X[,11] %in% c('(-Inf,0.635]','(0.635,0.857]') & X[,12] %in% c('(-Inf,1.44]','(1.44,1.97]')","'3'","V11,V12","no_abl"
"wine",8,298,0.96875,0.256,0.941176470588235,3,7,0.5,0.368421052631579,"X[,3] %in% c('(-Inf,1.87]','(2.25,2.99]','(2.99, Inf]') & X[,7] %in% c('(-Inf,1.05]','(1.05,1.91]') & X[,10] %in% c('(4.05,6.39]','(6.39, Inf]')","'3'","V3,V7,V10","no_abl"
"wine",8,352,1,0.32,0.8,2,4,0.333333333333333,0.210526315789474,"X[,10] %in% c('(-Inf,3.06]','(3.06,4.05]') & X[,13] %in% c('(-Inf,540]','(540,759]')","'2'","V10,V13","no_abl"
"wine",8,98,1,0.312,0.78,2,4,0.333333333333333,0.210526315789474,"X[,1] %in% c('(-Inf,12.14]','(12.14,12.74]') & X[,11] %in% c('(0.857,1.21]','(1.21, Inf]')","'2'","V1,V11","abl_conf"
"wine",8,183,1,0.328,1,3,9,0.5,0.473684210526316,"X[,1] %in% c('(12.74,13.55]','(13.55,13.63]','(13.63, Inf]') & X[,7] %in% c('(1.91,1.99]','(1.99,2.38]','(2.38, Inf]') & X[,13] %in% c('(540,759]','(759,994]','(994, Inf]')","'1'","V1,V7,V13","abl_conf"
"wine",8,224,1,0.232,0.852941176470588,2,4,0.333333333333333,0.210526315789474,"X[,11] %in% c('(-Inf,0.635]','(0.635,0.857]') & X[,12] %in% c('(-Inf,1.44]','(1.44,1.97]')","'3'","V11,V12","abl_conf"
"wine",8,298,0.96875,0.256,0.941176470588235,3,7,0.5,0.368421052631579,"X[,3] %in% c('(-Inf,1.87]','(2.25,2.99]','(2.99, Inf]') & X[,7] %in% c('(-Inf,1.05]','(1.05,1.91]') & X[,10] %in% c('(4.05,6.39]','(6.39, Inf]')","'3'","V3,V7,V10","abl_conf"
"wine",8,352,1,0.32,0.8,2,4,0.333333333333333,0.210526315789474,"X[,10] %in% c('(-Inf,3.06]','(3.06,4.05]') & X[,13] %in% c('(-Inf,540]','(540,759]')","'2'","V10,V13","abl_conf"
"wine",8,63,1,0.16,0.588235294117647,2,2,0.333333333333333,0.105263157894737,"X[,7] %in% c('(-Inf,1.05]') & X[,9] %in% c('(0.526,1.39]')","'3'","V7,V9","abl_supp"
"wine",8,98,1,0.312,0.78,2,4,0.333333333333333,0.210526315789474,"X[,1] %in% c('(-Inf,12.14]','(12.14,12.74]') & X[,11] %in% c('(0.857,1.21]','(1.21, Inf]')","'2'","V1,V11","abl_supp"
"wine",8,183,1,0.328,1,3,9,0.5,0.473684210526316,"X[,1] %in% c('(12.74,13.55]','(13.55,13.63]','(13.63, Inf]') & X[,7] %in% c('(1.91,1.99]','(1.99,2.38]','(2.38, Inf]') & X[,13] %in% c('(540,759]','(759,994]','(994, Inf]')","'1'","V1,V7,V13","abl_supp"
"wine",8,224,1,0.232,0.852941176470588,2,4,0.333333333333333,0.210526315789474,"X[,11] %in% c('(-Inf,0.635]','(0.635,0.857]') & X[,12] %in% c('(-Inf,1.44]','(1.44,1.97]')","'3'","V11,V12","abl_supp"
"wine",8,352,1,0.32,0.8,2,4,0.333333333333333,0.210526315789474,"X[,10] %in% c('(-Inf,3.06]','(3.06,4.05]') & X[,13] %in% c('(-Inf,540]','(540,759]')","'2'","V10,V13","abl_supp"
"wine",8,183,1,0.328,1,3,9,0.5,0.473684210526316,"X[,1] %in% c('(12.74,13.55]','(13.55,13.63]','(13.63, Inf]') & X[,7] %in% c('(1.91,1.99]','(1.99,2.38]','(2.38, Inf]') & X[,13] %in% c('(540,759]','(759,994]','(994, Inf]')","'1'","V1,V7,V13","abl_length"
"wine",8,224,1,0.232,0.852941176470588,2,4,0.333333333333333,0.210526315789474,"X[,11] %in% c('(-Inf,0.635]','(0.635,0.857]') & X[,12] %in% c('(-Inf,1.44]','(1.44,1.97]')","'3'","V11,V12","abl_length"
"wine",8,298,0.96875,0.256,0.941176470588235,3,7,0.5,0.368421052631579,"X[,3] %in% c('(-Inf,1.87]','(2.25,2.99]','(2.99, Inf]') & X[,7] %in% c('(-Inf,1.05]','(1.05,1.91]') & X[,10] %in% c('(4.05,6.39]','(6.39, Inf]')","'3'","V3,V7,V10","abl_length"
"wine",8,316,1,0.328,0.82,3,10,0.5,0.526315789473684,"X[,1] %in% c('(-Inf,12.14]','(12.14,12.74]') & X[,7] %in% c('(1.05,1.91]','(1.91,1.99]','(1.99,2.38]','(2.38, Inf]') & X[,12] %in% c('(1.44,1.97]','(1.97,2.58]','(2.58,3.64]','(3.64, Inf]')","'2'","V1,V7,V12","abl_length"
"wine",8,352,1,0.32,0.8,2,4,0.333333333333333,0.210526315789474,"X[,10] %in% c('(-Inf,3.06]','(3.06,4.05]') & X[,13] %in% c('(-Inf,540]','(540,759]')","'2'","V10,V13","abl_length"
"wine",8,98,1,0.312,0.78,2,4,0.333333333333333,0.210526315789474,"X[,1] %in% c('(-Inf,12.14]','(12.14,12.74]') & X[,11] %in% c('(0.857,1.21]','(1.21, Inf]')","'2'","V1,V11","abl_mod"
"wine",8,183,1,0.328,1,3,9,0.5,0.473684210526316,"X[,1] %in% c('(12.74,13.55]','(13.55,13.63]','(13.63, Inf]') & X[,7] %in% c('(1.91,1.99]','(1.99,2.38]','(2.38, Inf]') & X[,13] %in% c('(540,759]','(759,994]','(994, Inf]')","'1'","V1,V7,V13","abl_mod"
"wine",8,224,1,0.232,0.852941176470588,2,4,0.333333333333333,0.210526315789474,"X[,11] %in% c('(-Inf,0.635]','(0.635,0.857]') & X[,12] %in% c('(-Inf,1.44]','(1.44,1.97]')","'3'","V11,V12","abl_mod"
"wine",8,298,0.96875,0.256,0.941176470588235,3,7,0.5,0.368421052631579,"X[,3] %in% c('(-Inf,1.87]','(2.25,2.99]','(2.99, Inf]') & X[,7] %in% c('(-Inf,1.05]','(1.05,1.91]') & X[,10] %in% c('(4.05,6.39]','(6.39, Inf]')","'3'","V3,V7,V10","abl_mod"
"wine",8,352,1,0.32,0.8,2,4,0.333333333333333,0.210526315789474,"X[,10] %in% c('(-Inf,3.06]','(3.06,4.05]') & X[,13] %in% c('(-Inf,540]','(540,759]')","'2'","V10,V13","abl_mod"
"wine",8,98,1,0.312,0.78,2,4,0.333333333333333,0.210526315789474,"X[,1] %in% c('(-Inf,12.14]','(12.14,12.74]') & X[,11] %in% c('(0.857,1.21]','(1.21, Inf]')","'2'","V1,V11","abl_acc"
"wine",8,183,1,0.328,1,3,9,0.5,0.473684210526316,"X[,1] %in% c('(12.74,13.55]','(13.55,13.63]','(13.63, Inf]') & X[,7] %in% c('(1.91,1.99]','(1.99,2.38]','(2.38, Inf]') & X[,13] %in% c('(540,759]','(759,994]','(994, Inf]')","'1'","V1,V7,V13","abl_acc"
"wine",8,352,1,0.32,0.8,2,4,0.333333333333333,0.210526315789474,"X[,10] %in% c('(-Inf,3.06]','(3.06,4.05]') & X[,13] %in% c('(-Inf,540]','(540,759]')","'2'","V10,V13","abl_acc"
"wine",8,398,0.911764705882353,0.272,1,3,7,0.5,0.368421052631579,"X[,10] %in% c('(4.05,6.39]','(6.39, Inf]') & X[,12] %in% c('(-Inf,1.44]','(1.44,1.97]','(1.97,2.58]') & X[,13] %in% c('(-Inf,540]','(540,759]')","'3'","V10,V12,V13","abl_acc"
"wine",8,352,1,0.32,0.8,2,4,0.333333333333333,0.210526315789474,"X[,10] %in% c('(-Inf,3.06]','(3.06,4.05]') & X[,13] %in% c('(-Inf,540]','(540,759]')","'2'","V10,V13","abl_min_cov"
"wine",8,98,1,0.312,0.78,2,4,0.333333333333333,0.210526315789474,"X[,1] %in% c('(-Inf,12.14]','(12.14,12.74]') & X[,11] %in% c('(0.857,1.21]','(1.21, Inf]')","'2'","V1,V11","abl_max_cov"
"wine",8,183,1,0.328,1,3,9,0.5,0.473684210526316,"X[,1] %in% c('(12.74,13.55]','(13.55,13.63]','(13.63, Inf]') & X[,7] %in% c('(1.91,1.99]','(1.99,2.38]','(2.38, Inf]') & X[,13] %in% c('(540,759]','(759,994]','(994, Inf]')","'1'","V1,V7,V13","abl_max_cov"
"wine",8,224,1,0.232,0.852941176470588,2,4,0.333333333333333,0.210526315789474,"X[,11] %in% c('(-Inf,0.635]','(0.635,0.857]') & X[,12] %in% c('(-Inf,1.44]','(1.44,1.97]')","'3'","V11,V12","abl_max_cov"
"wine",8,298,0.96875,0.256,0.941176470588235,3,7,0.5,0.368421052631579,"X[,3] %in% c('(-Inf,1.87]','(2.25,2.99]','(2.99, Inf]') & X[,7] %in% c('(-Inf,1.05]','(1.05,1.91]') & X[,10] %in% c('(4.05,6.39]','(6.39, Inf]')","'3'","V3,V7,V10","abl_max_cov"
"wine",8,352,1,0.32,0.8,2,4,0.333333333333333,0.210526315789474,"X[,10] %in% c('(-Inf,3.06]','(3.06,4.05]') & X[,13] %in% c('(-Inf,540]','(540,759]')","'2'","V10,V13","abl_max_cov"
"wine",8,98,1,0.312,0.78,2,4,0.333333333333333,0.210526315789474,"X[,1] %in% c('(-Inf,12.14]','(12.14,12.74]') & X[,11] %in% c('(0.857,1.21]','(1.21, Inf]')","'2'","V1,V11","abl_overlap"
"wine",8,183,1,0.328,1,3,9,0.5,0.473684210526316,"X[,1] %in% c('(12.74,13.55]','(13.55,13.63]','(13.63, Inf]') & X[,7] %in% c('(1.91,1.99]','(1.99,2.38]','(2.38, Inf]') & X[,13] %in% c('(540,759]','(759,994]','(994, Inf]')","'1'","V1,V7,V13","abl_overlap"
"wine",8,224,1,0.232,0.852941176470588,2,4,0.333333333333333,0.210526315789474,"X[,11] %in% c('(-Inf,0.635]','(0.635,0.857]') & X[,12] %in% c('(-Inf,1.44]','(1.44,1.97]')","'3'","V11,V12","abl_overlap"
"wine",8,298,0.96875,0.256,0.941176470588235,3,7,0.5,0.368421052631579,"X[,3] %in% c('(-Inf,1.87]','(2.25,2.99]','(2.99, Inf]') & X[,7] %in% c('(-Inf,1.05]','(1.05,1.91]') & X[,10] %in% c('(4.05,6.39]','(6.39, Inf]')","'3'","V3,V7,V10","abl_overlap"
"wine",8,352,1,0.32,0.8,2,4,0.333333333333333,0.210526315789474,"X[,10] %in% c('(-Inf,3.06]','(3.06,4.05]') & X[,13] %in% c('(-Inf,540]','(540,759]')","'2'","V10,V13","abl_overlap"
"wine",8,194,1,0.312,0.78,2,4,0.285714285714286,0.2,"X[,1] %in% c('(-Inf,12.14]','(12.14,12.74]') & X[,11] %in% c('(0.857,1.21]','(1.21, Inf]')","'2'","V1,V11","abl_preselect"
"wine",8,362,1,0.328,1,3,9,0.428571428571429,0.45,"X[,1] %in% c('(12.74,13.55]','(13.55,13.63]','(13.63, Inf]') & X[,7] %in% c('(1.91,1.99]','(1.99,2.38]','(2.38, Inf]') & X[,13] %in% c('(540,759]','(759,994]','(994, Inf]')","'1'","V1,V7,V13","abl_preselect"
"wine",8,442,1,0.232,0.852941176470588,2,4,0.285714285714286,0.2,"X[,11] %in% c('(-Inf,0.635]','(0.635,0.857]') & X[,12] %in% c('(-Inf,1.44]','(1.44,1.97]')","'3'","V11,V12","abl_preselect"
"wine",8,602,0.96875,0.256,0.941176470588235,3,7,0.428571428571429,0.35,"X[,3] %in% c('(-Inf,1.87]','(2.25,2.99]','(2.99, Inf]') & X[,7] %in% c('(-Inf,1.05]','(1.05,1.91]') & X[,10] %in% c('(4.05,6.39]','(6.39, Inf]')","'3'","V3,V7,V10","abl_preselect"
"wine",8,736,1,0.32,0.8,2,4,0.285714285714286,0.2,"X[,10] %in% c('(-Inf,3.06]','(3.06,4.05]') & X[,13] %in% c('(-Inf,540]','(540,759]')","'2'","V10,V13","abl_preselect"
"wine",9,1,1,0.312,0.78,2,4,0.333333333333333,0.222222222222222,"X[,10] %in% c('(-Inf,3.06]','(3.06,4.05]') & X[,13] %in% c('(-Inf,540]','(540,759]')","'2'","V10,V13","no_abl"
"wine",9,31,0.966666666666667,0.24,0.88235294117647,2,4,0.333333333333333,0.222222222222222,"X[,10] %in% c('(4.05,6.39]','(6.39, Inf]') & X[,11] %in% c('(-Inf,0.635]','(0.635,0.857]')","'3'","V10,V11","no_abl"
"wine",9,43,1,0.216,0.794117647058823,2,4,0.333333333333333,0.222222222222222,"X[,7] %in% c('(-Inf,1.05]') & X[,10] %in% c('(3.06,4.05]','(4.05,6.39]','(6.39, Inf]')","'3'","V7,V10","no_abl"
"wine",9,265,1,0.328,0.82,2,6,0.333333333333333,0.333333333333333,"X[,1] %in% c('(-Inf,12.14]','(12.14,12.74]') & X[,7] %in% c('(1.05,1.91]','(1.91,1.99]','(1.99,2.38]','(2.38, Inf]')","'2'","V1,V7","no_abl"
"wine",9,511,1,0.32,0.975609756097561,4,10,0.666666666666667,0.555555555555556,"X[,1] %in% c('(12.14,12.74]','(12.74,13.55]','(13.55,13.63]','(13.63, Inf]') & X[,5] %in% c('(83.5,93.8]','(93.8,133]') & X[,11] %in% c('(0.857,1.21]','(1.21, Inf]') & X[,13] %in% c('(759,994]','(994, Inf]')","'1'","V1,V5,V11,V13","no_abl"
"wine",9,31,0.966666666666667,0.24,0.88235294117647,2,4,0.333333333333333,0.222222222222222,"X[,10] %in% c('(4.05,6.39]','(6.39, Inf]') & X[,11] %in% c('(-Inf,0.635]','(0.635,0.857]')","'3'","V10,V11","abl_conf"
"wine",9,511,1,0.32,0.975609756097561,4,10,0.666666666666667,0.555555555555556,"X[,1] %in% c('(12.14,12.74]','(12.74,13.55]','(13.55,13.63]','(13.63, Inf]') & X[,5] %in% c('(83.5,93.8]','(93.8,133]') & X[,11] %in% c('(0.857,1.21]','(1.21, Inf]') & X[,13] %in% c('(759,994]','(994, Inf]')","'1'","V1,V5,V11,V13","abl_conf"
"wine",9,1,1,0.312,0.78,2,4,0.333333333333333,0.222222222222222,"X[,10] %in% c('(-Inf,3.06]','(3.06,4.05]') & X[,13] %in% c('(-Inf,540]','(540,759]')","'2'","V10,V13","abl_supp"
"wine",9,31,0.966666666666667,0.24,0.88235294117647,2,4,0.333333333333333,0.222222222222222,"X[,10] %in% c('(4.05,6.39]','(6.39, Inf]') & X[,11] %in% c('(-Inf,0.635]','(0.635,0.857]')","'3'","V10,V11","abl_supp"
"wine",9,120,1,0.296,0.74,2,4,0.333333333333333,0.222222222222222,"X[,1] %in% c('(-Inf,12.14]','(12.14,12.74]') & X[,11] %in% c('(0.857,1.21]','(1.21, Inf]')","'2'","V1,V11","abl_supp"
"wine",9,159,1,0.192,0.705882352941176,2,2,0.333333333333333,0.111111111111111,"X[,7] %in% c('(-Inf,1.05]') & X[,9] %in% c('(0.526,1.39]')","'3'","V7,V9","abl_supp"
"wine",9,511,1,0.32,0.975609756097561,4,10,0.666666666666667,0.555555555555556,"X[,1] %in% c('(12.14,12.74]','(12.74,13.55]','(13.55,13.63]','(13.63, Inf]') & X[,5] %in% c('(83.5,93.8]','(93.8,133]') & X[,11] %in% c('(0.857,1.21]','(1.21, Inf]') & X[,13] %in% c('(759,994]','(994, Inf]')","'1'","V1,V5,V11,V13","abl_supp"
"wine",9,8,0.942857142857143,0.28,1.02941176470588,2,4,0.333333333333333,0.222222222222222,"X[,7] %in% c('(-Inf,1.05]','(1.05,1.91]') & X[,10] %in% c('(4.05,6.39]','(6.39, Inf]')","'3'","V7,V10","abl_length"
"wine",9,30,1,0.24,0.6,2,5,0.333333333333333,0.277777777777778,"X[,5] %in% c('(-Inf,83.5]','(83.5,93.8]','(133, Inf]') & X[,10] %in% c('(-Inf,3.06]','(3.06,4.05]')","'2'","V5,V10","abl_length"
"wine",9,265,1,0.328,0.82,2,6,0.333333333333333,0.333333333333333,"X[,1] %in% c('(-Inf,12.14]','(12.14,12.74]') & X[,7] %in% c('(1.05,1.91]','(1.91,1.99]','(1.99,2.38]','(2.38, Inf]')","'2'","V1,V7","abl_length"
"wine",9,409,1,0.328,0.82,4,13,0.666666666666667,0.722222222222222,"X[,1] %in% c('(-Inf,12.14]','(12.14,12.74]','(13.55,13.63]','(13.63, Inf]') & X[,7] %in% c('(1.05,1.91]','(1.91,1.99]','(1.99,2.38]','(2.38, Inf]') & X[,11] %in% c('(0.635,0.857]','(0.857,1.21]','(1.21, Inf]') & X[,13] %in% c('(-Inf,540]','(540,759]')","'2'","V1,V7,V11,V13","abl_length"
"wine",9,511,1,0.32,0.975609756097561,4,10,0.666666666666667,0.555555555555556,"X[,1] %in% c('(12.14,12.74]','(12.74,13.55]','(13.55,13.63]','(13.63, Inf]') & X[,5] %in% c('(83.5,93.8]','(93.8,133]') & X[,11] %in% c('(0.857,1.21]','(1.21, Inf]') & X[,13] %in% c('(759,994]','(994, Inf]')","'1'","V1,V5,V11,V13","abl_length"
"wine",9,8,0.942857142857143,0.28,1.02941176470588,2,4,0.333333333333333,0.222222222222222,"X[,7] %in% c('(-Inf,1.05]','(1.05,1.91]') & X[,10] %in% c('(4.05,6.39]','(6.39, Inf]')","'3'","V7,V10","abl_mod"
"wine",9,30,1,0.24,0.6,2,5,0.333333333333333,0.277777777777778,"X[,5] %in% c('(-Inf,83.5]','(83.5,93.8]','(133, Inf]') & X[,10] %in% c('(-Inf,3.06]','(3.06,4.05]')","'2'","V5,V10","abl_mod"
"wine",9,265,1,0.328,0.82,2,6,0.333333333333333,0.333333333333333,"X[,1] %in% c('(-Inf,12.14]','(12.14,12.74]') & X[,7] %in% c('(1.05,1.91]','(1.91,1.99]','(1.99,2.38]','(2.38, Inf]')","'2'","V1,V7","abl_mod"
"wine",9,409,1,0.328,0.82,4,13,0.666666666666667,0.722222222222222,"X[,1] %in% c('(-Inf,12.14]','(12.14,12.74]','(13.55,13.63]','(13.63, Inf]') & X[,7] %in% c('(1.05,1.91]','(1.91,1.99]','(1.99,2.38]','(2.38, Inf]') & X[,11] %in% c('(0.635,0.857]','(0.857,1.21]','(1.21, Inf]') & X[,13] %in% c('(-Inf,540]','(540,759]')","'2'","V1,V7,V11,V13","abl_mod"
"wine",9,511,1,0.32,0.975609756097561,4,10,0.666666666666667,0.555555555555556,"X[,1] %in% c('(12.14,12.74]','(12.74,13.55]','(13.55,13.63]','(13.63, Inf]') & X[,5] %in% c('(83.5,93.8]','(93.8,133]') & X[,11] %in% c('(0.857,1.21]','(1.21, Inf]') & X[,13] %in% c('(759,994]','(994, Inf]')","'1'","V1,V5,V11,V13","abl_mod"
"wine",9,8,0.942857142857143,0.28,1.02941176470588,2,4,0.333333333333333,0.222222222222222,"X[,7] %in% c('(-Inf,1.05]','(1.05,1.91]') & X[,10] %in% c('(4.05,6.39]','(6.39, Inf]')","'3'","V7,V10","abl_acc"
"wine",9,265,1,0.328,0.82,2,6,0.333333333333333,0.333333333333333,"X[,1] %in% c('(-Inf,12.14]','(12.14,12.74]') & X[,7] %in% c('(1.05,1.91]','(1.91,1.99]','(1.99,2.38]','(2.38, Inf]')","'2'","V1,V7","abl_acc"
"wine",9,496,0.954545454545455,0.352,0.88,3,8,0.5,0.444444444444444,"X[,10] %in% c('(-Inf,3.06]','(3.06,4.05]') & X[,11] %in% c('(0.635,0.857]','(0.857,1.21]','(1.21, Inf]') & X[,13] %in% c('(-Inf,540]','(540,759]','(759,994]')","'2'","V10,V11,V13","abl_acc"
"wine",9,511,1,0.32,0.975609756097561,4,10,0.666666666666667,0.555555555555556,"X[,1] %in% c('(12.14,12.74]','(12.74,13.55]','(13.55,13.63]','(13.63, Inf]') & X[,5] %in% c('(83.5,93.8]','(93.8,133]') & X[,11] %in% c('(0.857,1.21]','(1.21, Inf]') & X[,13] %in% c('(759,994]','(994, Inf]')","'1'","V1,V5,V11,V13","abl_acc"
"wine",9,265,1,0.328,0.82,2,6,0.333333333333333,0.333333333333333,"X[,1] %in% c('(-Inf,12.14]','(12.14,12.74]') & X[,7] %in% c('(1.05,1.91]','(1.91,1.99]','(1.99,2.38]','(2.38, Inf]')","'2'","V1,V7","abl_min_cov"
"wine",9,1,1,0.312,0.78,2,4,0.333333333333333,0.222222222222222,"X[,10] %in% c('(-Inf,3.06]','(3.06,4.05]') & X[,13] %in% c('(-Inf,540]','(540,759]')","'2'","V10,V13","abl_max_cov"
"wine",9,31,0.966666666666667,0.24,0.88235294117647,2,4,0.333333333333333,0.222222222222222,"X[,10] %in% c('(4.05,6.39]','(6.39, Inf]') & X[,11] %in% c('(-Inf,0.635]','(0.635,0.857]')","'3'","V10,V11","abl_max_cov"
"wine",9,43,1,0.216,0.794117647058823,2,4,0.333333333333333,0.222222222222222,"X[,7] %in% c('(-Inf,1.05]') & X[,10] %in% c('(3.06,4.05]','(4.05,6.39]','(6.39, Inf]')","'3'","V7,V10","abl_max_cov"
"wine",9,265,1,0.328,0.82,2,6,0.333333333333333,0.333333333333333,"X[,1] %in% c('(-Inf,12.14]','(12.14,12.74]') & X[,7] %in% c('(1.05,1.91]','(1.91,1.99]','(1.99,2.38]','(2.38, Inf]')","'2'","V1,V7","abl_max_cov"
"wine",9,511,1,0.32,0.975609756097561,4,10,0.666666666666667,0.555555555555556,"X[,1] %in% c('(12.14,12.74]','(12.74,13.55]','(13.55,13.63]','(13.63, Inf]') & X[,5] %in% c('(83.5,93.8]','(93.8,133]') & X[,11] %in% c('(0.857,1.21]','(1.21, Inf]') & X[,13] %in% c('(759,994]','(994, Inf]')","'1'","V1,V5,V11,V13","abl_max_cov"
"wine",9,1,1,0.312,0.78,2,4,0.333333333333333,0.222222222222222,"X[,10] %in% c('(-Inf,3.06]','(3.06,4.05]') & X[,13] %in% c('(-Inf,540]','(540,759]')","'2'","V10,V13","abl_overlap"
"wine",9,31,0.966666666666667,0.24,0.88235294117647,2,4,0.333333333333333,0.222222222222222,"X[,10] %in% c('(4.05,6.39]','(6.39, Inf]') & X[,11] %in% c('(-Inf,0.635]','(0.635,0.857]')","'3'","V10,V11","abl_overlap"
"wine",9,43,1,0.216,0.794117647058823,2,4,0.333333333333333,0.222222222222222,"X[,7] %in% c('(-Inf,1.05]') & X[,10] %in% c('(3.06,4.05]','(4.05,6.39]','(6.39, Inf]')","'3'","V7,V10","abl_overlap"
"wine",9,265,1,0.328,0.82,2,6,0.333333333333333,0.333333333333333,"X[,1] %in% c('(-Inf,12.14]','(12.14,12.74]') & X[,7] %in% c('(1.05,1.91]','(1.91,1.99]','(1.99,2.38]','(2.38, Inf]')","'2'","V1,V7","abl_overlap"
"wine",9,511,1,0.32,0.975609756097561,4,10,0.666666666666667,0.555555555555556,"X[,1] %in% c('(12.14,12.74]','(12.74,13.55]','(13.55,13.63]','(13.63, Inf]') & X[,5] %in% c('(83.5,93.8]','(93.8,133]') & X[,11] %in% c('(0.857,1.21]','(1.21, Inf]') & X[,13] %in% c('(759,994]','(994, Inf]')","'1'","V1,V5,V11,V13","abl_overlap"
"wine",9,1,1,0.312,0.78,2,4,0.285714285714286,0.2,"X[,10] %in% c('(-Inf,3.06]','(3.06,4.05]') & X[,13] %in% c('(-Inf,540]','(540,759]')","'2'","V10,V13","abl_preselect"
"wine",9,79,1,0.216,0.794117647058823,2,4,0.285714285714286,0.2,"X[,7] %in% c('(-Inf,1.05]') & X[,10] %in% c('(3.06,4.05]','(4.05,6.39]','(6.39, Inf]')","'3'","V7,V10","abl_preselect"
"wine",9,464,0.975609756097561,0.328,1,3,7,0.428571428571429,0.35,"X[,1] %in% c('(12.74,13.55]','(13.55,13.63]','(13.63, Inf]') & X[,6] %in% c('(2.18,3.04]','(3.04, Inf]') & X[,13] %in% c('(759,994]','(994, Inf]')","'1'","V1,V6,V13","abl_preselect"
"wine",9,527,1,0.328,0.82,2,6,0.285714285714286,0.3,"X[,1] %in% c('(-Inf,12.14]','(12.14,12.74]') & X[,7] %in% c('(1.05,1.91]','(1.91,1.99]','(1.99,2.38]','(2.38, Inf]')","'2'","V1,V7","abl_preselect"
"wine",9,551,1,0.224,0.823529411764706,2,4,0.285714285714286,0.2,"X[,11] %in% c('(-Inf,0.635]','(0.635,0.857]') & X[,12] %in% c('(-Inf,1.44]','(1.44,1.97]')","'3'","V11,V12","abl_preselect"
"wine",10,19,0.976190476190476,0.336,1.02439024390244,3,9,0.5,0.45,"X[,1] %in% c('(12.74,13.55]','(13.55,13.63]','(13.63, Inf]') & X[,7] %in% c('(1.91,1.99]','(1.99,2.38]','(2.38, Inf]') & X[,13] %in% c('(540,759]','(759,994]','(994, Inf]')","'1'","V1,V7,V13","no_abl"
"wine",10,148,1,0.288,0.72,2,4,0.333333333333333,0.2,"X[,1] %in% c('(-Inf,12.14]','(12.14,12.74]') & X[,11] %in% c('(0.857,1.21]','(1.21, Inf]')","'2'","V1,V11","no_abl"
"wine",10,153,1,0.232,0.852941176470588,2,4,0.333333333333333,0.2,"X[,11] %in% c('(-Inf,0.635]','(0.635,0.857]') & X[,12] %in% c('(-Inf,1.44]','(1.44,1.97]')","'3'","V11,V12","no_abl"
"wine",10,242,1,0.312,0.78,3,8,0.5,0.4,"X[,10] %in% c('(-Inf,3.06]','(3.06,4.05]') & X[,12] %in% c('(1.44,1.97]','(1.97,2.58]','(2.58,3.64]','(3.64, Inf]') & X[,13] %in% c('(-Inf,540]','(540,759]')","'2'","V10,V12,V13","no_abl"
"wine",10,281,1,0.176,0.647058823529412,2,2,0.333333333333333,0.1,"X[,7] %in% c('(-Inf,1.05]') & X[,9] %in% c('(0.526,1.39]')","'3'","V7,V9","no_abl"
"wine",10,19,0.976190476190476,0.336,1.02439024390244,3,9,0.5,0.45,"X[,1] %in% c('(12.74,13.55]','(13.55,13.63]','(13.63, Inf]') & X[,7] %in% c('(1.91,1.99]','(1.99,2.38]','(2.38, Inf]') & X[,13] %in% c('(540,759]','(759,994]','(994, Inf]')","'1'","V1,V7,V13","abl_conf"
"wine",10,148,1,0.288,0.72,2,4,0.333333333333333,0.2,"X[,1] %in% c('(-Inf,12.14]','(12.14,12.74]') & X[,11] %in% c('(0.857,1.21]','(1.21, Inf]')","'2'","V1,V11","abl_conf"
"wine",10,153,1,0.232,0.852941176470588,2,4,0.333333333333333,0.2,"X[,11] %in% c('(-Inf,0.635]','(0.635,0.857]') & X[,12] %in% c('(-Inf,1.44]','(1.44,1.97]')","'3'","V11,V12","abl_conf"
"wine",10,242,1,0.312,0.78,3,8,0.5,0.4,"X[,10] %in% c('(-Inf,3.06]','(3.06,4.05]') & X[,12] %in% c('(1.44,1.97]','(1.97,2.58]','(2.58,3.64]','(3.64, Inf]') & X[,13] %in% c('(-Inf,540]','(540,759]')","'2'","V10,V12,V13","abl_conf"
"wine",10,281,1,0.176,0.647058823529412,2,2,0.333333333333333,0.1,"X[,7] %in% c('(-Inf,1.05]') & X[,9] %in% c('(0.526,1.39]')","'3'","V7,V9","abl_conf"
"wine",10,19,0.976190476190476,0.336,1.02439024390244,3,9,0.5,0.45,"X[,1] %in% c('(12.74,13.55]','(13.55,13.63]','(13.63, Inf]') & X[,7] %in% c('(1.91,1.99]','(1.99,2.38]','(2.38, Inf]') & X[,13] %in% c('(540,759]','(759,994]','(994, Inf]')","'1'","V1,V7,V13","abl_supp"
"wine",10,86,1,0.288,0.72,3,7,0.5,0.35,"X[,6] %in% c('(1.57,2.18]','(2.18,3.04]','(3.04, Inf]') & X[,10] %in% c('(-Inf,3.06]','(3.06,4.05]') & X[,13] %in% c('(-Inf,540]','(540,759]')","'2'","V6,V10,V13","abl_supp"
"wine",10,148,1,0.288,0.72,2,4,0.333333333333333,0.2,"X[,1] %in% c('(-Inf,12.14]','(12.14,12.74]') & X[,11] %in% c('(0.857,1.21]','(1.21, Inf]')","'2'","V1,V11","abl_supp"
"wine",10,153,1,0.232,0.852941176470588,2,4,0.333333333333333,0.2,"X[,11] %in% c('(-Inf,0.635]','(0.635,0.857]') & X[,12] %in% c('(-Inf,1.44]','(1.44,1.97]')","'3'","V11,V12","abl_supp"
"wine",10,281,1,0.176,0.647058823529412,2,2,0.333333333333333,0.1,"X[,7] %in% c('(-Inf,1.05]') & X[,9] %in% c('(0.526,1.39]')","'3'","V7,V9","abl_supp"
"wine",10,19,0.976190476190476,0.336,1.02439024390244,3,9,0.5,0.45,"X[,1] %in% c('(12.74,13.55]','(13.55,13.63]','(13.63, Inf]') & X[,7] %in% c('(1.91,1.99]','(1.99,2.38]','(2.38, Inf]') & X[,13] %in% c('(540,759]','(759,994]','(994, Inf]')","'1'","V1,V7,V13","abl_length"
"wine",10,148,1,0.288,0.72,2,4,0.333333333333333,0.2,"X[,1] %in% c('(-Inf,12.14]','(12.14,12.74]') & X[,11] %in% c('(0.857,1.21]','(1.21, Inf]')","'2'","V1,V11","abl_length"
"wine",10,153,1,0.232,0.852941176470588,2,4,0.333333333333333,0.2,"X[,11] %in% c('(-Inf,0.635]','(0.635,0.857]') & X[,12] %in% c('(-Inf,1.44]','(1.44,1.97]')","'3'","V11,V12","abl_length"
"wine",10,242,1,0.312,0.78,3,8,0.5,0.4,"X[,10] %in% c('(-Inf,3.06]','(3.06,4.05]') & X[,12] %in% c('(1.44,1.97]','(1.97,2.58]','(2.58,3.64]','(3.64, Inf]') & X[,13] %in% c('(-Inf,540]','(540,759]')","'2'","V10,V12,V13","abl_length"
"wine",10,410,1,0.192,0.705882352941176,3,6,0.5,0.3,"X[,2] %in% c('(1.84,2.98]','(2.98,4.62]','(4.62, Inf]') & X[,9] %in% c('(0.526,1.39]') & X[,10] %in% c('(4.05,6.39]','(6.39, Inf]')","'3'","V2,V9,V10","abl_length"
"wine",10,19,0.976190476190476,0.336,1.02439024390244,3,9,0.5,0.45,"X[,1] %in% c('(12.74,13.55]','(13.55,13.63]','(13.63, Inf]') & X[,7] %in% c('(1.91,1.99]','(1.99,2.38]','(2.38, Inf]') & X[,13] %in% c('(540,759]','(759,994]','(994, Inf]')","'1'","V1,V7,V13","abl_mod"
"wine",10,148,1,0.288,0.72,2,4,0.333333333333333,0.2,"X[,1] %in% c('(-Inf,12.14]','(12.14,12.74]') & X[,11] %in% c('(0.857,1.21]','(1.21, Inf]')","'2'","V1,V11","abl_mod"
"wine",10,153,1,0.232,0.852941176470588,2,4,0.333333333333333,0.2,"X[,11] %in% c('(-Inf,0.635]','(0.635,0.857]') & X[,12] %in% c('(-Inf,1.44]','(1.44,1.97]')","'3'","V11,V12","abl_mod"
"wine",10,242,1,0.312,0.78,3,8,0.5,0.4,"X[,10] %in% c('(-Inf,3.06]','(3.06,4.05]') & X[,12] %in% c('(1.44,1.97]','(1.97,2.58]','(2.58,3.64]','(3.64, Inf]') & X[,13] %in% c('(-Inf,540]','(540,759]')","'2'","V10,V12,V13","abl_mod"
"wine",10,281,1,0.176,0.647058823529412,2,2,0.333333333333333,0.1,"X[,7] %in% c('(-Inf,1.05]') & X[,9] %in% c('(0.526,1.39]')","'3'","V7,V9","abl_mod"
"wine",10,8,0.970588235294118,0.272,0.68,3,8,0.5,0.4,"X[,1] %in% c('(-Inf,12.14]','(12.14,12.74]') & X[,2] %in% c('(-Inf,1.43]','(1.43,1.84]','(1.84,2.98]') & X[,11] %in% c('(-Inf,0.635]','(0.857,1.21]','(1.21, Inf]')","'2'","V1,V2,V11","abl_acc"
"wine",10,19,0.976190476190476,0.336,1.02439024390244,3,9,0.5,0.45,"X[,1] %in% c('(12.74,13.55]','(13.55,13.63]','(13.63, Inf]') & X[,7] %in% c('(1.91,1.99]','(1.99,2.38]','(2.38, Inf]') & X[,13] %in% c('(540,759]','(759,994]','(994, Inf]')","'1'","V1,V7,V13","abl_acc"
"wine",10,59,0.967741935483871,0.248,0.911764705882353,4,13,0.666666666666667,0.65,"X[,2] %in% c('(1.43,1.84]','(1.84,2.98]','(2.98,4.62]','(4.62, Inf]') & X[,7] %in% c('(-Inf,1.05]','(1.05,1.91]','(1.91,1.99]','(1.99,2.38]') & X[,10] %in% c('(4.05,6.39]','(6.39, Inf]') & X[,13] %in% c('(-Inf,540]','(540,759]','(759,994]')","'3'","V2,V7,V10,V13","abl_acc"
"wine",10,522,0.893617021276596,0.376,0.94,2,5,0.333333333333333,0.25,"X[,3] %in% c('(-Inf,1.87]','(1.87,2.25]','(2.25,2.99]') & X[,10] %in% c('(-Inf,3.06]','(3.06,4.05]')","'2'","V3,V10","abl_acc"
"wine",10,148,1,0.288,0.72,2,4,0.333333333333333,0.2,"X[,1] %in% c('(-Inf,12.14]','(12.14,12.74]') & X[,11] %in% c('(0.857,1.21]','(1.21, Inf]')","'2'","V1,V11","abl_min_cov"
"wine",10,19,0.976190476190476,0.336,1.02439024390244,3,9,0.5,0.45,"X[,1] %in% c('(12.74,13.55]','(13.55,13.63]','(13.63, Inf]') & X[,7] %in% c('(1.91,1.99]','(1.99,2.38]','(2.38, Inf]') & X[,13] %in% c('(540,759]','(759,994]','(994, Inf]')","'1'","V1,V7,V13","abl_max_cov"
"wine",10,148,1,0.288,0.72,2,4,0.333333333333333,0.2,"X[,1] %in% c('(-Inf,12.14]','(12.14,12.74]') & X[,11] %in% c('(0.857,1.21]','(1.21, Inf]')","'2'","V1,V11","abl_max_cov"
"wine",10,153,1,0.232,0.852941176470588,2,4,0.333333333333333,0.2,"X[,11] %in% c('(-Inf,0.635]','(0.635,0.857]') & X[,12] %in% c('(-Inf,1.44]','(1.44,1.97]')","'3'","V11,V12","abl_max_cov"
"wine",10,242,1,0.312,0.78,3,8,0.5,0.4,"X[,10] %in% c('(-Inf,3.06]','(3.06,4.05]') & X[,12] %in% c('(1.44,1.97]','(1.97,2.58]','(2.58,3.64]','(3.64, Inf]') & X[,13] %in% c('(-Inf,540]','(540,759]')","'2'","V10,V12,V13","abl_max_cov"
"wine",10,281,1,0.176,0.647058823529412,2,2,0.333333333333333,0.1,"X[,7] %in% c('(-Inf,1.05]') & X[,9] %in% c('(0.526,1.39]')","'3'","V7,V9","abl_max_cov"
"wine",10,19,0.976190476190476,0.336,1.02439024390244,3,9,0.5,0.45,"X[,1] %in% c('(12.74,13.55]','(13.55,13.63]','(13.63, Inf]') & X[,7] %in% c('(1.91,1.99]','(1.99,2.38]','(2.38, Inf]') & X[,13] %in% c('(540,759]','(759,994]','(994, Inf]')","'1'","V1,V7,V13","abl_overlap"
"wine",10,148,1,0.288,0.72,2,4,0.333333333333333,0.2,"X[,1] %in% c('(-Inf,12.14]','(12.14,12.74]') & X[,11] %in% c('(0.857,1.21]','(1.21, Inf]')","'2'","V1,V11","abl_overlap"
"wine",10,153,1,0.232,0.852941176470588,2,4,0.333333333333333,0.2,"X[,11] %in% c('(-Inf,0.635]','(0.635,0.857]') & X[,12] %in% c('(-Inf,1.44]','(1.44,1.97]')","'3'","V11,V12","abl_overlap"
"wine",10,242,1,0.312,0.78,3,8,0.5,0.4,"X[,10] %in% c('(-Inf,3.06]','(3.06,4.05]') & X[,12] %in% c('(1.44,1.97]','(1.97,2.58]','(2.58,3.64]','(3.64, Inf]') & X[,13] %in% c('(-Inf,540]','(540,759]')","'2'","V10,V12,V13","abl_overlap"
"wine",10,281,1,0.176,0.647058823529412,2,2,0.333333333333333,0.1,"X[,7] %in% c('(-Inf,1.05]') & X[,9] %in% c('(0.526,1.39]')","'3'","V7,V9","abl_overlap"
"wine",10,30,0.976190476190476,0.336,1.02439024390244,3,9,0.375,0.36,"X[,1] %in% c('(12.74,13.55]','(13.55,13.63]','(13.63, Inf]') & X[,7] %in% c('(1.91,1.99]','(1.99,2.38]','(2.38, Inf]') & X[,13] %in% c('(540,759]','(759,994]','(994, Inf]')","'1'","V1,V7,V13","abl_preselect"
"wine",10,305,1,0.288,0.72,2,4,0.25,0.16,"X[,1] %in% c('(-Inf,12.14]','(12.14,12.74]') & X[,11] %in% c('(0.857,1.21]','(1.21, Inf]')","'2'","V1,V11","abl_preselect"
"wine",10,313,1,0.232,0.852941176470588,2,4,0.25,0.16,"X[,11] %in% c('(-Inf,0.635]','(0.635,0.857]') & X[,12] %in% c('(-Inf,1.44]','(1.44,1.97]')","'3'","V11,V12","abl_preselect"
"wine",10,532,1,0.312,0.78,3,8,0.375,0.32,"X[,10] %in% c('(-Inf,3.06]','(3.06,4.05]') & X[,12] %in% c('(1.44,1.97]','(1.97,2.58]','(2.58,3.64]','(3.64, Inf]') & X[,13] %in% c('(-Inf,540]','(540,759]')","'2'","V10,V12,V13","abl_preselect"
"wine",10,608,1,0.176,0.647058823529412,2,2,0.25,0.08,"X[,7] %in% c('(-Inf,1.05]') & X[,9] %in% c('(0.526,1.39]')","'3'","V7,V9","abl_preselect"
